# ************************************************************
# Sequel Pro SQL dump
# Version 4096
#
# http://www.sequelpro.com/
# http://code.google.com/p/sequel-pro/
#
# Host: 127.0.0.1 (MySQL 5.6.23)
# Database: hextechprojectx
# Generation Time: 2015-07-17 13:39:22 +0000
# ************************************************************


/*!40101 SET @OLD_CHARACTER_SET_CLIENT=@@CHARACTER_SET_CLIENT */;
/*!40101 SET @OLD_CHARACTER_SET_RESULTS=@@CHARACTER_SET_RESULTS */;
/*!40101 SET @OLD_COLLATION_CONNECTION=@@COLLATION_CONNECTION */;
/*!40101 SET NAMES utf8 */;
/*!40014 SET @OLD_FOREIGN_KEY_CHECKS=@@FOREIGN_KEY_CHECKS, FOREIGN_KEY_CHECKS=0 */;
/*!40101 SET @OLD_SQL_MODE=@@SQL_MODE, SQL_MODE='NO_AUTO_VALUE_ON_ZERO' */;
/*!40111 SET @OLD_SQL_NOTES=@@SQL_NOTES, SQL_NOTES=0 */;


# Dump of table game_summoners
# ------------------------------------------------------------

DROP TABLE IF EXISTS `game_summoners`;

CREATE TABLE `game_summoners` (
  `game_id` bigint(20) NOT NULL,
  `summoner_id` bigint(20) NOT NULL,
  PRIMARY KEY (`game_id`,`summoner_id`),
  KEY `summoner_id` (`summoner_id`),
  CONSTRAINT `game_summoners_ibfk_1` FOREIGN KEY (`game_id`) REFERENCES `games` (`gameId`),
  CONSTRAINT `game_summoners_ibfk_2` FOREIGN KEY (`summoner_id`) REFERENCES `summoners` (`summonerId`)
) ENGINE=InnoDB DEFAULT CHARSET=latin1;

LOCK TABLES `game_summoners` WRITE;
/*!40000 ALTER TABLE `game_summoners` DISABLE KEYS */;

INSERT INTO `game_summoners` (`game_id`, `summoner_id`)
VALUES
	(2205540805,387788),
	(2205540805,18997457),
	(2205540805,19351584),
	(2205552140,19533966),
	(2205552140,19965912),
	(2205534338,20623578),
	(2205552140,20672976),
	(2205540805,20817524),
	(2205552140,20843282),
	(2205540805,21494550),
	(2205540805,21527550),
	(2205540701,21624124),
	(2205552140,22029962),
	(2205532176,22659867),
	(2205540701,22776468),
	(2205532176,22798747),
	(2205540701,22864811),
	(2205552140,22988475),
	(2205540701,23275743),
	(2205534338,23544559),
	(2205534338,23964577),
	(2205534338,24229628),
	(2205532176,25747089),
	(2205532176,26458572),
	(2205534338,27341898),
	(2205540701,27935574),
	(2205540805,28268804),
	(2205552140,29244786),
	(2205552140,29879562),
	(2205534338,30590096),
	(2205532176,30856935),
	(2205532176,31281749),
	(2205540805,33696860),
	(2205540701,34541249),
	(2205534338,39389620),
	(2205532176,39494847),
	(2205552140,39998452),
	(2205534338,40861959),
	(2205540701,40956931),
	(2205552140,41518574),
	(2205532176,41532979),
	(2205540805,42025133),
	(2205534338,43210650),
	(2205540701,45969859),
	(2205532176,54367179),
	(2205534338,54767944),
	(2205540805,70037418),
	(2205540701,70577667),
	(2205540701,71709078),
	(2205532176,72517674);

/*!40000 ALTER TABLE `game_summoners` ENABLE KEYS */;
UNLOCK TABLES;


# Dump of table games
# ------------------------------------------------------------

DROP TABLE IF EXISTS `games`;

CREATE TABLE `games` (
  `gameId` bigint(20) NOT NULL,
  `gameMode` varchar(50) DEFAULT NULL,
  `gameQueueId` int(11) DEFAULT NULL,
  `gameType` varchar(50) DEFAULT NULL,
  `mapId` int(11) DEFAULT NULL,
  `platformId` varchar(10) DEFAULT NULL,
  PRIMARY KEY (`gameId`),
  KEY `ix_games_mapId` (`mapId`),
  KEY `ix_games_gameType` (`gameType`),
  KEY `ix_games_platformId` (`platformId`),
  KEY `ix_games_gameMode` (`gameMode`),
  KEY `ix_games_gameQueueId` (`gameQueueId`)
) ENGINE=InnoDB DEFAULT CHARSET=latin1;

LOCK TABLES `games` WRITE;
/*!40000 ALTER TABLE `games` DISABLE KEYS */;

INSERT INTO `games` (`gameId`, `gameMode`, `gameQueueId`, `gameType`, `mapId`, `platformId`)
VALUES
	(2205532176,'CLASSIC',4,'MATCHED_GAME',11,'EUW1'),
	(2205534338,'CLASSIC',4,'MATCHED_GAME',11,'EUW1'),
	(2205540701,'CLASSIC',4,'MATCHED_GAME',11,'EUW1'),
	(2205540805,'CLASSIC',4,'MATCHED_GAME',11,'EUW1'),
	(2205552140,'CLASSIC',4,'MATCHED_GAME',11,'EUW1');

/*!40000 ALTER TABLE `games` ENABLE KEYS */;
UNLOCK TABLES;


# Dump of table summoner_champion_stats
# ------------------------------------------------------------

DROP TABLE IF EXISTS `summoner_champion_stats`;

CREATE TABLE `summoner_champion_stats` (
  `summonerId` bigint(20) NOT NULL,
  `championId` bigint(20) NOT NULL,
  `totalSessionsWon` int(11) DEFAULT NULL,
  `totalSessionsLost` int(11) DEFAULT NULL,
  PRIMARY KEY (`summonerId`,`championId`),
  CONSTRAINT `summoner_champion_stats_ibfk_1` FOREIGN KEY (`summonerId`) REFERENCES `summoners` (`summonerId`)
) ENGINE=InnoDB DEFAULT CHARSET=latin1;

LOCK TABLES `summoner_champion_stats` WRITE;
/*!40000 ALTER TABLE `summoner_champion_stats` DISABLE KEYS */;

INSERT INTO `summoner_champion_stats` (`summonerId`, `championId`, `totalSessionsWon`, `totalSessionsLost`)
VALUES
	(387788,1,4,6),
	(387788,2,4,3),
	(387788,3,0,2),
	(387788,4,3,4),
	(387788,5,1,0),
	(387788,6,1,1),
	(387788,7,20,24),
	(387788,8,8,8),
	(387788,9,3,2),
	(387788,10,0,1),
	(387788,11,1,0),
	(387788,12,6,6),
	(387788,13,0,2),
	(387788,14,1,2),
	(387788,15,10,11),
	(387788,16,5,0),
	(387788,17,1,1),
	(387788,18,1,1),
	(387788,19,0,1),
	(387788,20,2,1),
	(387788,21,2,1),
	(387788,22,7,3),
	(387788,23,0,2),
	(387788,24,1,2),
	(387788,25,17,11),
	(387788,27,0,1),
	(387788,28,1,1),
	(387788,29,3,2),
	(387788,30,5,2),
	(387788,31,0,3),
	(387788,32,1,0),
	(387788,34,3,3),
	(387788,35,1,5),
	(387788,36,1,1),
	(387788,38,10,8),
	(387788,39,22,15),
	(387788,40,10,10),
	(387788,41,3,3),
	(387788,42,11,10),
	(387788,50,0,1),
	(387788,51,2,3),
	(387788,53,17,10),
	(387788,54,5,1),
	(387788,55,10,12),
	(387788,56,1,2),
	(387788,57,0,2),
	(387788,58,1,1),
	(387788,59,4,4),
	(387788,61,3,6),
	(387788,63,1,0),
	(387788,64,5,10),
	(387788,67,6,3),
	(387788,68,3,2),
	(387788,69,12,12),
	(387788,72,0,2),
	(387788,74,0,1),
	(387788,75,0,2),
	(387788,76,12,10),
	(387788,77,2,1),
	(387788,78,4,3),
	(387788,79,16,13),
	(387788,80,1,2),
	(387788,81,17,12),
	(387788,82,1,0),
	(387788,84,0,1),
	(387788,85,6,4),
	(387788,89,1,3),
	(387788,90,1,1),
	(387788,91,2,1),
	(387788,92,8,7),
	(387788,96,7,6),
	(387788,98,4,2),
	(387788,101,11,8),
	(387788,102,3,3),
	(387788,103,47,25),
	(387788,104,18,11),
	(387788,105,14,8),
	(387788,106,1,0),
	(387788,107,11,8),
	(387788,110,1,3),
	(387788,111,5,3),
	(387788,112,5,10),
	(387788,113,1,8),
	(387788,114,1,4),
	(387788,115,3,0),
	(387788,117,2,3),
	(387788,119,0,1),
	(387788,120,9,11),
	(387788,121,0,2),
	(387788,126,0,1),
	(387788,127,6,6),
	(387788,131,17,14),
	(387788,150,4,2),
	(387788,154,0,1),
	(387788,157,4,4),
	(387788,201,1,0),
	(387788,222,31,26),
	(387788,236,17,21),
	(387788,238,2,5),
	(387788,245,3,4),
	(387788,254,1,3),
	(387788,266,5,5),
	(387788,267,1,2),
	(387788,268,1,5),
	(387788,412,15,21),
	(387788,421,24,12),
	(387788,429,2,8),
	(387788,432,4,5),
	(18997457,2,4,6),
	(18997457,3,1,0),
	(18997457,5,8,4),
	(18997457,7,0,1),
	(18997457,8,30,23),
	(18997457,10,1,0),
	(18997457,11,2,1),
	(18997457,13,1,0),
	(18997457,14,1,0),
	(18997457,15,2,0),
	(18997457,16,6,0),
	(18997457,18,0,2),
	(18997457,22,0,2),
	(18997457,24,23,32),
	(18997457,25,4,6),
	(18997457,32,0,2),
	(18997457,36,1,0),
	(18997457,38,0,1),
	(18997457,39,24,25),
	(18997457,40,1,1),
	(18997457,42,2,4),
	(18997457,43,8,4),
	(18997457,50,0,1),
	(18997457,51,0,1),
	(18997457,53,1,1),
	(18997457,54,10,6),
	(18997457,55,1,0),
	(18997457,56,1,1),
	(18997457,57,3,3),
	(18997457,59,30,15),
	(18997457,61,6,2),
	(18997457,62,2,0),
	(18997457,63,9,9),
	(18997457,68,0,2),
	(18997457,69,2,7),
	(18997457,74,0,1),
	(18997457,75,1,0),
	(18997457,77,0,1),
	(18997457,80,3,0),
	(18997457,81,12,12),
	(18997457,85,44,37),
	(18997457,86,0,2),
	(18997457,89,16,14),
	(18997457,90,1,0),
	(18997457,91,0,1),
	(18997457,92,1,3),
	(18997457,96,1,5),
	(18997457,98,5,1),
	(18997457,99,1,0),
	(18997457,101,1,0),
	(18997457,102,33,21),
	(18997457,103,3,1),
	(18997457,104,2,9),
	(18997457,105,3,0),
	(18997457,107,0,1),
	(18997457,111,3,2),
	(18997457,113,1,3),
	(18997457,114,20,12),
	(18997457,117,4,5),
	(18997457,119,2,2),
	(18997457,120,2,1),
	(18997457,121,8,5),
	(18997457,126,4,1),
	(18997457,127,4,9),
	(18997457,131,4,6),
	(18997457,150,5,7),
	(18997457,154,0,2),
	(18997457,222,2,3),
	(18997457,245,0,1),
	(18997457,254,4,1),
	(18997457,266,58,31),
	(18997457,421,1,3),
	(19351584,1,2,0),
	(19351584,2,1,0),
	(19351584,5,3,1),
	(19351584,7,0,2),
	(19351584,8,3,2),
	(19351584,9,0,1),
	(19351584,12,1,0),
	(19351584,14,2,2),
	(19351584,19,0,1),
	(19351584,24,2,2),
	(19351584,25,2,1),
	(19351584,29,0,1),
	(19351584,31,1,0),
	(19351584,38,5,3),
	(19351584,39,10,3),
	(19351584,40,1,4),
	(19351584,42,1,2),
	(19351584,51,5,8),
	(19351584,53,0,2),
	(19351584,54,1,2),
	(19351584,55,1,0),
	(19351584,56,2,1),
	(19351584,57,1,1),
	(19351584,58,11,6),
	(19351584,59,4,1),
	(19351584,61,4,1),
	(19351584,62,0,1),
	(19351584,64,1,4),
	(19351584,68,5,3),
	(19351584,69,3,3),
	(19351584,75,2,3),
	(19351584,76,9,2),
	(19351584,78,0,1),
	(19351584,79,2,0),
	(19351584,80,2,1),
	(19351584,81,1,0),
	(19351584,83,1,1),
	(19351584,85,0,1),
	(19351584,89,1,0),
	(19351584,98,1,1),
	(19351584,99,1,0),
	(19351584,101,4,2),
	(19351584,102,1,1),
	(19351584,103,4,1),
	(19351584,104,0,3),
	(19351584,105,0,1),
	(19351584,107,2,0),
	(19351584,111,2,1),
	(19351584,117,9,3),
	(19351584,120,0,3),
	(19351584,127,5,7),
	(19351584,150,5,3),
	(19351584,157,0,1),
	(19351584,222,2,1),
	(19351584,236,2,2),
	(19351584,238,2,1),
	(19351584,254,2,1),
	(19351584,266,0,1),
	(19351584,267,2,4),
	(19351584,268,0,3),
	(19351584,412,2,7),
	(19533966,1,1,1),
	(19533966,12,1,2),
	(19533966,15,0,1),
	(19533966,18,0,1),
	(19533966,20,9,3),
	(19533966,28,36,30),
	(19533966,31,0,1),
	(19533966,51,1,2),
	(19533966,53,14,6),
	(19533966,54,7,1),
	(19533966,57,1,0),
	(19533966,58,5,7),
	(19533966,59,39,20),
	(19533966,61,10,11),
	(19533966,64,0,1),
	(19533966,72,4,6),
	(19533966,76,11,14),
	(19533966,79,45,38),
	(19533966,80,1,1),
	(19533966,102,1,4),
	(19533966,104,1,0),
	(19533966,105,1,1),
	(19533966,106,1,1),
	(19533966,107,0,4),
	(19533966,111,2,1),
	(19533966,113,43,26),
	(19533966,121,4,4),
	(19533966,201,0,1),
	(19533966,236,0,1),
	(19533966,245,0,6),
	(19533966,254,19,20),
	(19533966,266,1,0),
	(19533966,412,11,8),
	(19533966,421,31,23),
	(19965912,1,1,1),
	(19965912,2,1,2),
	(19965912,4,0,1),
	(19965912,6,0,2),
	(19965912,7,0,1),
	(19965912,8,16,15),
	(19965912,11,2,3),
	(19965912,12,4,3),
	(19965912,13,40,28),
	(19965912,14,5,6),
	(19965912,15,0,4),
	(19965912,16,1,0),
	(19965912,17,4,0),
	(19965912,18,1,3),
	(19965912,20,1,0),
	(19965912,22,5,2),
	(19965912,24,1,4),
	(19965912,25,0,1),
	(19965912,28,0,1),
	(19965912,31,5,5),
	(19965912,35,2,2),
	(19965912,36,2,1),
	(19965912,37,1,0),
	(19965912,38,2,4),
	(19965912,39,92,68),
	(19965912,40,8,10),
	(19965912,41,1,4),
	(19965912,42,2,0),
	(19965912,51,8,10),
	(19965912,53,1,1),
	(19965912,54,1,5),
	(19965912,57,25,26),
	(19965912,58,3,0),
	(19965912,60,0,1),
	(19965912,62,1,1),
	(19965912,67,10,5),
	(19965912,68,8,13),
	(19965912,69,11,7),
	(19965912,75,4,1),
	(19965912,76,0,3),
	(19965912,79,1,0),
	(19965912,81,6,5),
	(19965912,85,4,5),
	(19965912,86,1,0),
	(19965912,89,0,2),
	(19965912,92,0,1),
	(19965912,96,2,0),
	(19965912,98,12,10),
	(19965912,101,1,3),
	(19965912,102,9,13),
	(19965912,103,2,2),
	(19965912,104,7,8),
	(19965912,105,38,31),
	(19965912,107,0,1),
	(19965912,110,0,3),
	(19965912,111,0,2),
	(19965912,112,0,1),
	(19965912,113,0,1),
	(19965912,114,0,1),
	(19965912,115,3,1),
	(19965912,117,3,6),
	(19965912,120,98,72),
	(19965912,126,0,3),
	(19965912,127,1,6),
	(19965912,134,1,1),
	(19965912,150,100,90),
	(19965912,222,0,2),
	(19965912,236,2,10),
	(19965912,245,1,2),
	(19965912,254,1,2),
	(19965912,266,2,1),
	(19965912,267,0,1),
	(19965912,268,2,11),
	(19965912,412,1,0),
	(19965912,421,3,3),
	(19965912,429,0,1),
	(20623578,1,1,0),
	(20623578,4,0,1),
	(20623578,5,0,1),
	(20623578,6,0,1),
	(20623578,7,2,3),
	(20623578,8,1,3),
	(20623578,11,0,1),
	(20623578,13,0,5),
	(20623578,15,1,5),
	(20623578,16,0,1),
	(20623578,18,1,5),
	(20623578,22,4,1),
	(20623578,24,0,1),
	(20623578,25,3,1),
	(20623578,28,1,0),
	(20623578,29,1,0),
	(20623578,31,1,0),
	(20623578,34,14,9),
	(20623578,36,0,1),
	(20623578,38,0,1),
	(20623578,39,0,1),
	(20623578,40,1,2),
	(20623578,42,2,1),
	(20623578,43,2,4),
	(20623578,50,4,1),
	(20623578,51,4,3),
	(20623578,55,2,2),
	(20623578,57,3,5),
	(20623578,58,5,5),
	(20623578,59,1,0),
	(20623578,61,1,2),
	(20623578,64,6,11),
	(20623578,67,14,12),
	(20623578,69,7,4),
	(20623578,75,2,1),
	(20623578,76,11,7),
	(20623578,79,0,1),
	(20623578,81,10,6),
	(20623578,85,2,0),
	(20623578,89,4,2),
	(20623578,96,1,0),
	(20623578,98,3,2),
	(20623578,99,2,2),
	(20623578,101,1,2),
	(20623578,102,3,2),
	(20623578,103,4,2),
	(20623578,104,6,4),
	(20623578,105,0,1),
	(20623578,110,1,1),
	(20623578,112,0,1),
	(20623578,113,1,0),
	(20623578,117,0,2),
	(20623578,119,5,7),
	(20623578,121,1,0),
	(20623578,126,25,8),
	(20623578,127,0,2),
	(20623578,133,1,2),
	(20623578,150,1,2),
	(20623578,157,1,1),
	(20623578,222,3,2),
	(20623578,236,21,16),
	(20623578,238,8,5),
	(20623578,267,5,1),
	(20623578,268,0,2),
	(20623578,412,0,5),
	(20623578,421,3,2),
	(20623578,429,13,7),
	(20672976,1,1,0),
	(20672976,2,0,1),
	(20672976,4,7,8),
	(20672976,7,1,4),
	(20672976,8,16,16),
	(20672976,9,0,1),
	(20672976,10,1,0),
	(20672976,12,5,6),
	(20672976,15,2,2),
	(20672976,16,1,0),
	(20672976,20,0,1),
	(20672976,24,1,1),
	(20672976,25,1,0),
	(20672976,28,3,2),
	(20672976,30,1,1),
	(20672976,34,0,1),
	(20672976,38,9,2),
	(20672976,39,4,5),
	(20672976,40,1,1),
	(20672976,44,0,2),
	(20672976,53,1,0),
	(20672976,55,9,5),
	(20672976,57,7,7),
	(20672976,59,0,1),
	(20672976,61,1,0),
	(20672976,64,1,2),
	(20672976,67,1,1),
	(20672976,68,1,2),
	(20672976,69,6,9),
	(20672976,76,4,5),
	(20672976,79,4,2),
	(20672976,80,2,0),
	(20672976,81,2,7),
	(20672976,82,1,0),
	(20672976,84,0,1),
	(20672976,91,2,1),
	(20672976,92,1,0),
	(20672976,96,0,2),
	(20672976,99,2,1),
	(20672976,101,2,2),
	(20672976,103,7,5),
	(20672976,104,1,1),
	(20672976,105,71,41),
	(20672976,107,0,1),
	(20672976,112,0,4),
	(20672976,115,1,0),
	(20672976,117,1,0),
	(20672976,119,0,1),
	(20672976,126,11,12),
	(20672976,127,0,2),
	(20672976,131,2,3),
	(20672976,150,0,1),
	(20672976,222,2,1),
	(20672976,236,0,3),
	(20672976,238,4,5),
	(20672976,268,13,12),
	(20817524,1,5,3),
	(20817524,8,0,1),
	(20817524,12,12,6),
	(20817524,15,0,4),
	(20817524,18,0,1),
	(20817524,20,1,1),
	(20817524,25,12,10),
	(20817524,33,3,6),
	(20817524,36,0,2),
	(20817524,37,0,1),
	(20817524,38,1,1),
	(20817524,39,0,1),
	(20817524,40,100,60),
	(20817524,42,3,0),
	(20817524,51,5,3),
	(20817524,53,0,1),
	(20817524,55,3,0),
	(20817524,57,2,2),
	(20817524,58,0,2),
	(20817524,59,2,2),
	(20817524,61,1,1),
	(20817524,62,1,0),
	(20817524,64,0,2),
	(20817524,67,2,0),
	(20817524,68,0,2),
	(20817524,69,0,1),
	(20817524,75,1,3),
	(20817524,76,10,8),
	(20817524,80,12,11),
	(20817524,81,6,5),
	(20817524,84,0,1),
	(20817524,85,0,1),
	(20817524,89,3,3),
	(20817524,92,1,0),
	(20817524,99,0,1),
	(20817524,101,7,4),
	(20817524,102,1,3),
	(20817524,103,9,8),
	(20817524,104,1,2),
	(20817524,105,2,1),
	(20817524,107,0,1),
	(20817524,111,0,2),
	(20817524,112,2,7),
	(20817524,117,5,9),
	(20817524,120,2,1),
	(20817524,121,10,8),
	(20817524,127,8,2),
	(20817524,131,1,0),
	(20817524,150,20,22),
	(20817524,161,1,1),
	(20817524,201,4,6),
	(20817524,222,1,1),
	(20817524,236,3,1),
	(20817524,238,2,5),
	(20817524,254,2,9),
	(20817524,267,3,3),
	(20817524,412,30,30),
	(20817524,421,0,1),
	(20843282,1,4,3),
	(20843282,2,1,0),
	(20843282,4,8,11),
	(20843282,5,1,1),
	(20843282,6,1,2),
	(20843282,7,34,25),
	(20843282,8,12,14),
	(20843282,9,2,4),
	(20843282,10,2,4),
	(20843282,11,3,3),
	(20843282,13,3,2),
	(20843282,14,1,2),
	(20843282,15,5,7),
	(20843282,16,3,3),
	(20843282,17,4,2),
	(20843282,18,3,1),
	(20843282,20,0,1),
	(20843282,21,1,1),
	(20843282,22,0,3),
	(20843282,23,0,1),
	(20843282,24,3,2),
	(20843282,25,5,5),
	(20843282,26,0,2),
	(20843282,27,1,3),
	(20843282,28,1,3),
	(20843282,29,5,1),
	(20843282,30,5,0),
	(20843282,31,1,1),
	(20843282,34,9,5),
	(20843282,35,9,10),
	(20843282,38,2,8),
	(20843282,39,6,7),
	(20843282,40,1,2),
	(20843282,41,1,0),
	(20843282,42,2,3),
	(20843282,43,0,1),
	(20843282,45,0,2),
	(20843282,50,1,0),
	(20843282,51,5,6),
	(20843282,53,1,0),
	(20843282,54,1,0),
	(20843282,55,21,9),
	(20843282,56,32,35),
	(20843282,59,7,3),
	(20843282,60,2,2),
	(20843282,61,37,25),
	(20843282,63,1,1),
	(20843282,64,5,7),
	(20843282,67,19,28),
	(20843282,68,2,3),
	(20843282,69,57,43),
	(20843282,72,1,0),
	(20843282,74,2,1),
	(20843282,75,1,1),
	(20843282,76,9,10),
	(20843282,78,2,3),
	(20843282,79,1,1),
	(20843282,80,0,1),
	(20843282,81,5,3),
	(20843282,84,1,1),
	(20843282,85,1,5),
	(20843282,86,0,1),
	(20843282,89,1,0),
	(20843282,90,0,2),
	(20843282,91,1,0),
	(20843282,92,19,29),
	(20843282,96,1,3),
	(20843282,99,0,2),
	(20843282,101,5,3),
	(20843282,102,0,2),
	(20843282,103,74,55),
	(20843282,104,3,5),
	(20843282,105,15,6),
	(20843282,107,18,17),
	(20843282,110,3,1),
	(20843282,111,1,0),
	(20843282,112,8,4),
	(20843282,113,1,0),
	(20843282,114,17,7),
	(20843282,115,1,1),
	(20843282,117,8,8),
	(20843282,119,36,29),
	(20843282,120,2,7),
	(20843282,121,2,2),
	(20843282,126,1,3),
	(20843282,127,11,10),
	(20843282,131,2,7),
	(20843282,133,3,1),
	(20843282,134,10,12),
	(20843282,143,0,1),
	(20843282,150,5,3),
	(20843282,154,1,0),
	(20843282,157,19,25),
	(20843282,201,0,1),
	(20843282,222,9,11),
	(20843282,236,2,5),
	(20843282,238,47,35),
	(20843282,245,8,8),
	(20843282,254,6,10),
	(20843282,267,1,1),
	(20843282,268,53,42),
	(20843282,412,22,17),
	(20843282,421,3,7),
	(20843282,429,36,27),
	(20843282,432,3,3),
	(21494550,1,4,6),
	(21494550,2,6,4),
	(21494550,6,0,1),
	(21494550,8,69,46),
	(21494550,9,1,2),
	(21494550,10,2,4),
	(21494550,11,3,2),
	(21494550,13,4,5),
	(21494550,15,13,11),
	(21494550,16,4,6),
	(21494550,18,0,2),
	(21494550,19,1,0),
	(21494550,20,12,7),
	(21494550,24,5,3),
	(21494550,27,6,5),
	(21494550,28,10,15),
	(21494550,30,0,2),
	(21494550,31,2,2),
	(21494550,32,13,11),
	(21494550,33,3,2),
	(21494550,34,39,35),
	(21494550,36,2,1),
	(21494550,37,0,5),
	(21494550,39,12,11),
	(21494550,40,41,28),
	(21494550,42,4,2),
	(21494550,44,0,1),
	(21494550,50,0,2),
	(21494550,51,3,2),
	(21494550,54,6,6),
	(21494550,56,1,1),
	(21494550,57,6,5),
	(21494550,58,10,4),
	(21494550,59,12,11),
	(21494550,60,0,3),
	(21494550,61,2,1),
	(21494550,62,1,2),
	(21494550,64,2,3),
	(21494550,69,0,3),
	(21494550,72,4,4),
	(21494550,75,0,1),
	(21494550,76,4,8),
	(21494550,77,0,3),
	(21494550,79,24,15),
	(21494550,80,2,2),
	(21494550,81,1,3),
	(21494550,85,8,8),
	(21494550,89,8,8),
	(21494550,92,0,1),
	(21494550,102,18,9),
	(21494550,103,2,8),
	(21494550,104,6,16),
	(21494550,105,5,9),
	(21494550,106,7,3),
	(21494550,107,6,13),
	(21494550,111,14,17),
	(21494550,113,20,23),
	(21494550,117,6,5),
	(21494550,120,11,3),
	(21494550,121,1,4),
	(21494550,126,1,0),
	(21494550,127,9,10),
	(21494550,131,1,4),
	(21494550,150,1,1),
	(21494550,154,12,13),
	(21494550,222,4,3),
	(21494550,236,4,3),
	(21494550,254,28,21),
	(21494550,267,0,1),
	(21494550,268,1,1),
	(21494550,421,44,52),
	(21494550,429,0,1),
	(21527550,1,1,2),
	(21527550,7,1,2),
	(21527550,8,1,0),
	(21527550,11,1,0),
	(21527550,12,25,22),
	(21527550,16,1,3),
	(21527550,18,0,1),
	(21527550,20,0,1),
	(21527550,21,1,1),
	(21527550,22,2,1),
	(21527550,25,16,16),
	(21527550,31,4,18),
	(21527550,34,0,2),
	(21527550,36,0,2),
	(21527550,37,29,16),
	(21527550,39,2,5),
	(21527550,40,35,30),
	(21527550,41,1,0),
	(21527550,42,1,1),
	(21527550,43,1,3),
	(21527550,51,1,2),
	(21527550,53,5,8),
	(21527550,56,0,1),
	(21527550,57,1,0),
	(21527550,58,3,7),
	(21527550,59,4,13),
	(21527550,63,2,0),
	(21527550,67,2,3),
	(21527550,75,1,0),
	(21527550,79,1,2),
	(21527550,80,1,2),
	(21527550,81,1,2),
	(21527550,89,30,24),
	(21527550,98,2,3),
	(21527550,99,2,1),
	(21527550,103,5,3),
	(21527550,104,14,7),
	(21527550,106,3,6),
	(21527550,111,11,6),
	(21527550,115,1,4),
	(21527550,117,17,9),
	(21527550,143,1,0),
	(21527550,161,1,1),
	(21527550,201,1,4),
	(21527550,222,1,0),
	(21527550,223,0,2),
	(21527550,236,1,2),
	(21527550,254,7,8),
	(21527550,267,6,7),
	(21527550,412,238,218),
	(21527550,432,2,1),
	(21624124,1,2,4),
	(21624124,2,0,1),
	(21624124,3,0,1),
	(21624124,6,1,1),
	(21624124,8,4,6),
	(21624124,9,1,0),
	(21624124,12,4,9),
	(21624124,13,18,18),
	(21624124,14,25,16),
	(21624124,15,5,1),
	(21624124,17,0,1),
	(21624124,18,1,2),
	(21624124,20,3,1),
	(21624124,21,1,0),
	(21624124,24,5,5),
	(21624124,25,8,7),
	(21624124,27,2,2),
	(21624124,31,1,0),
	(21624124,32,2,0),
	(21624124,36,10,8),
	(21624124,37,2,1),
	(21624124,38,12,17),
	(21624124,39,39,29),
	(21624124,40,8,8),
	(21624124,41,1,1),
	(21624124,42,2,2),
	(21624124,43,6,1),
	(21624124,50,147,111),
	(21624124,51,1,2),
	(21624124,53,1,0),
	(21624124,54,13,11),
	(21624124,56,1,1),
	(21624124,57,33,20),
	(21624124,58,5,9),
	(21624124,59,0,4),
	(21624124,61,6,4),
	(21624124,62,1,1),
	(21624124,64,3,4),
	(21624124,67,1,0),
	(21624124,68,48,53),
	(21624124,69,14,11),
	(21624124,76,1,5),
	(21624124,77,0,1),
	(21624124,79,2,7),
	(21624124,81,1,2),
	(21624124,85,13,15),
	(21624124,89,2,1),
	(21624124,98,2,4),
	(21624124,102,7,7),
	(21624124,103,2,3),
	(21624124,104,3,3),
	(21624124,105,29,31),
	(21624124,111,6,3),
	(21624124,113,0,2),
	(21624124,114,1,0),
	(21624124,115,2,1),
	(21624124,117,16,5),
	(21624124,120,58,41),
	(21624124,122,2,0),
	(21624124,127,9,8),
	(21624124,131,6,15),
	(21624124,150,48,58),
	(21624124,154,0,2),
	(21624124,161,0,3),
	(21624124,201,1,1),
	(21624124,222,4,3),
	(21624124,236,2,5),
	(21624124,254,3,2),
	(21624124,267,1,4),
	(21624124,268,1,1),
	(21624124,412,5,5),
	(21624124,421,0,1),
	(21624124,429,0,1),
	(21624124,432,0,2),
	(22029962,1,0,1),
	(22029962,2,13,17),
	(22029962,4,3,1),
	(22029962,7,22,28),
	(22029962,8,7,11),
	(22029962,11,0,1),
	(22029962,12,2,8),
	(22029962,14,0,1),
	(22029962,15,1,4),
	(22029962,18,0,2),
	(22029962,21,1,1),
	(22029962,22,2,3),
	(22029962,25,4,4),
	(22029962,30,1,2),
	(22029962,31,15,12),
	(22029962,32,2,3),
	(22029962,36,0,1),
	(22029962,39,14,13),
	(22029962,41,0,1),
	(22029962,42,2,1),
	(22029962,43,1,1),
	(22029962,45,0,1),
	(22029962,54,35,17),
	(22029962,55,1,2),
	(22029962,56,2,0),
	(22029962,57,1,2),
	(22029962,59,1,1),
	(22029962,61,2,1),
	(22029962,63,299,240),
	(22029962,64,3,2),
	(22029962,69,1,2),
	(22029962,76,0,1),
	(22029962,79,1,0),
	(22029962,81,5,3),
	(22029962,84,7,6),
	(22029962,89,0,1),
	(22029962,99,31,27),
	(22029962,101,4,4),
	(22029962,103,14,10),
	(22029962,105,3,2),
	(22029962,111,7,15),
	(22029962,114,1,0),
	(22029962,117,3,6),
	(22029962,126,3,5),
	(22029962,127,0,3),
	(22029962,131,4,7),
	(22029962,134,2,0),
	(22029962,161,4,6),
	(22029962,236,0,2),
	(22029962,238,0,1),
	(22029962,254,2,9),
	(22029962,421,0,1),
	(22029962,429,0,1),
	(22659867,1,32,31),
	(22659867,12,37,38),
	(22659867,15,1,0),
	(22659867,20,1,0),
	(22659867,25,12,15),
	(22659867,31,0,1),
	(22659867,32,1,2),
	(22659867,36,6,8),
	(22659867,38,0,1),
	(22659867,39,8,7),
	(22659867,40,19,18),
	(22659867,42,4,3),
	(22659867,43,1,0),
	(22659867,51,0,1),
	(22659867,53,27,17),
	(22659867,57,1,1),
	(22659867,58,5,5),
	(22659867,59,2,3),
	(22659867,60,0,1),
	(22659867,63,0,1),
	(22659867,64,14,19),
	(22659867,68,1,4),
	(22659867,69,2,0),
	(22659867,75,1,0),
	(22659867,76,0,1),
	(22659867,80,1,3),
	(22659867,81,1,2),
	(22659867,84,1,0),
	(22659867,85,8,10),
	(22659867,89,132,96),
	(22659867,92,0,2),
	(22659867,98,3,6),
	(22659867,103,0,1),
	(22659867,104,8,12),
	(22659867,107,1,2),
	(22659867,111,23,20),
	(22659867,117,5,3),
	(22659867,121,0,1),
	(22659867,127,0,1),
	(22659867,133,1,2),
	(22659867,143,1,2),
	(22659867,201,8,7),
	(22659867,238,1,0),
	(22659867,266,0,2),
	(22659867,267,5,9),
	(22659867,412,246,187),
	(22659867,432,3,4),
	(22776468,1,26,11),
	(22776468,3,0,2),
	(22776468,8,1,2),
	(22776468,12,28,15),
	(22776468,18,3,0),
	(22776468,20,0,1),
	(22776468,22,0,1),
	(22776468,25,37,26),
	(22776468,32,1,0),
	(22776468,33,0,1),
	(22776468,37,0,1),
	(22776468,40,89,60),
	(22776468,41,0,1),
	(22776468,45,4,4),
	(22776468,51,1,1),
	(22776468,53,3,5),
	(22776468,54,2,1),
	(22776468,57,7,0),
	(22776468,58,1,0),
	(22776468,59,4,2),
	(22776468,67,2,1),
	(22776468,79,0,1),
	(22776468,85,2,3),
	(22776468,89,14,6),
	(22776468,96,1,1),
	(22776468,98,2,4),
	(22776468,103,1,1),
	(22776468,104,0,2),
	(22776468,111,36,22),
	(22776468,113,11,6),
	(22776468,115,1,0),
	(22776468,117,2,8),
	(22776468,134,0,1),
	(22776468,201,5,11),
	(22776468,222,1,1),
	(22776468,223,0,1),
	(22776468,236,1,1),
	(22776468,267,48,34),
	(22776468,412,54,42),
	(22776468,432,12,16),
	(22798747,1,1,1),
	(22798747,2,0,1),
	(22798747,4,1,2),
	(22798747,7,1,0),
	(22798747,8,3,1),
	(22798747,10,1,0),
	(22798747,12,2,0),
	(22798747,14,1,0),
	(22798747,20,1,0),
	(22798747,25,1,2),
	(22798747,27,1,1),
	(22798747,30,1,0),
	(22798747,31,1,1),
	(22798747,35,0,2),
	(22798747,36,9,3),
	(22798747,38,1,0),
	(22798747,39,8,3),
	(22798747,40,4,0),
	(22798747,41,3,1),
	(22798747,43,2,0),
	(22798747,54,2,3),
	(22798747,57,1,1),
	(22798747,58,0,2),
	(22798747,59,6,4),
	(22798747,61,1,0),
	(22798747,64,13,11),
	(22798747,68,9,6),
	(22798747,69,2,1),
	(22798747,76,1,1),
	(22798747,77,1,1),
	(22798747,80,1,2),
	(22798747,82,0,4),
	(22798747,92,0,1),
	(22798747,98,5,3),
	(22798747,101,1,1),
	(22798747,102,1,0),
	(22798747,103,2,1),
	(22798747,104,4,2),
	(22798747,105,6,3),
	(22798747,107,2,2),
	(22798747,111,4,2),
	(22798747,114,1,0),
	(22798747,117,4,0),
	(22798747,120,20,7),
	(22798747,121,0,2),
	(22798747,126,1,0),
	(22798747,127,1,0),
	(22798747,150,7,4),
	(22798747,157,1,0),
	(22798747,238,0,1),
	(22798747,245,0,2),
	(22798747,254,2,1),
	(22798747,267,1,0),
	(22798747,268,2,2),
	(22798747,412,0,3),
	(22798747,421,0,1),
	(22864811,1,0,2),
	(22864811,4,1,0),
	(22864811,6,0,2),
	(22864811,8,6,2),
	(22864811,12,2,1),
	(22864811,13,1,0),
	(22864811,14,0,1),
	(22864811,15,4,2),
	(22864811,18,4,3),
	(22864811,20,0,1),
	(22864811,22,8,9),
	(22864811,25,0,1),
	(22864811,29,0,3),
	(22864811,30,1,1),
	(22864811,32,1,0),
	(22864811,37,2,1),
	(22864811,39,1,1),
	(22864811,40,0,1),
	(22864811,42,41,29),
	(22864811,51,13,22),
	(22864811,53,4,5),
	(22864811,57,0,1),
	(22864811,59,7,6),
	(22864811,61,3,5),
	(22864811,67,7,13),
	(22864811,69,1,2),
	(22864811,72,4,2),
	(22864811,75,6,3),
	(22864811,76,0,1),
	(22864811,77,0,1),
	(22864811,81,12,10),
	(22864811,82,1,0),
	(22864811,89,2,3),
	(22864811,96,11,3),
	(22864811,101,5,6),
	(22864811,103,5,3),
	(22864811,104,93,74),
	(22864811,106,3,0),
	(22864811,111,1,2),
	(22864811,113,1,1),
	(22864811,115,1,3),
	(22864811,117,3,3),
	(22864811,119,0,1),
	(22864811,120,6,7),
	(22864811,126,4,3),
	(22864811,127,2,2),
	(22864811,150,1,4),
	(22864811,201,4,1),
	(22864811,222,28,20),
	(22864811,223,2,0),
	(22864811,236,41,46),
	(22864811,238,6,4),
	(22864811,412,37,32),
	(22864811,421,1,1),
	(22864811,429,6,12),
	(22864811,432,1,2),
	(22988475,1,2,2),
	(22988475,3,1,0),
	(22988475,4,7,4),
	(22988475,5,0,1),
	(22988475,6,0,1),
	(22988475,7,70,45),
	(22988475,8,4,2),
	(22988475,9,2,0),
	(22988475,10,0,1),
	(22988475,11,0,1),
	(22988475,12,0,1),
	(22988475,14,0,2),
	(22988475,15,9,14),
	(22988475,18,2,3),
	(22988475,22,1,0),
	(22988475,25,1,3),
	(22988475,28,1,0),
	(22988475,31,0,2),
	(22988475,32,0,1),
	(22988475,36,1,0),
	(22988475,38,11,21),
	(22988475,39,9,6),
	(22988475,40,9,7),
	(22988475,42,4,4),
	(22988475,44,0,1),
	(22988475,51,2,6),
	(22988475,53,1,8),
	(22988475,54,1,5),
	(22988475,55,3,2),
	(22988475,56,1,2),
	(22988475,57,1,2),
	(22988475,59,4,11),
	(22988475,61,22,17),
	(22988475,64,12,12),
	(22988475,69,28,22),
	(22988475,76,7,6),
	(22988475,79,0,1),
	(22988475,81,1,5),
	(22988475,85,2,1),
	(22988475,89,3,3),
	(22988475,91,0,1),
	(22988475,96,2,3),
	(22988475,101,8,9),
	(22988475,103,90,50),
	(22988475,104,15,11),
	(22988475,105,1,1),
	(22988475,110,4,0),
	(22988475,111,0,1),
	(22988475,112,28,15),
	(22988475,115,1,2),
	(22988475,117,13,11),
	(22988475,120,2,1),
	(22988475,121,0,1),
	(22988475,127,17,14),
	(22988475,131,22,11),
	(22988475,134,1,2),
	(22988475,157,19,7),
	(22988475,222,2,1),
	(22988475,236,1,2),
	(22988475,238,40,33),
	(22988475,268,14,30),
	(22988475,421,0,2),
	(23275743,4,7,7),
	(23275743,8,6,8),
	(23275743,14,0,2),
	(23275743,24,1,0),
	(23275743,35,0,1),
	(23275743,38,51,29),
	(23275743,40,0,1),
	(23275743,42,1,3),
	(23275743,51,4,3),
	(23275743,53,0,2),
	(23275743,54,1,1),
	(23275743,55,13,2),
	(23275743,57,1,1),
	(23275743,58,1,4),
	(23275743,59,2,3),
	(23275743,61,2,2),
	(23275743,64,2,3),
	(23275743,67,3,1),
	(23275743,79,1,0),
	(23275743,80,1,1),
	(23275743,81,4,2),
	(23275743,85,2,0),
	(23275743,91,19,10),
	(23275743,96,2,2),
	(23275743,98,2,3),
	(23275743,101,6,11),
	(23275743,103,0,1),
	(23275743,104,17,18),
	(23275743,111,1,3),
	(23275743,112,6,1),
	(23275743,120,1,0),
	(23275743,126,2,0),
	(23275743,127,0,1),
	(23275743,131,9,7),
	(23275743,134,1,0),
	(23275743,150,0,1),
	(23275743,154,0,1),
	(23275743,157,0,1),
	(23275743,222,1,2),
	(23275743,236,11,18),
	(23275743,238,37,37),
	(23275743,268,26,30),
	(23275743,421,0,1),
	(23544559,1,31,18),
	(23544559,3,1,2),
	(23544559,4,3,3),
	(23544559,5,0,1),
	(23544559,6,0,1),
	(23544559,7,4,7),
	(23544559,8,0,2),
	(23544559,10,0,1),
	(23544559,12,9,5),
	(23544559,13,0,1),
	(23544559,14,11,4),
	(23544559,15,1,2),
	(23544559,17,2,1),
	(23544559,18,0,2),
	(23544559,20,0,2),
	(23544559,22,10,5),
	(23544559,24,1,0),
	(23544559,25,1,2),
	(23544559,28,0,1),
	(23544559,30,1,0),
	(23544559,31,6,7),
	(23544559,32,1,1),
	(23544559,34,0,1),
	(23544559,37,0,1),
	(23544559,38,3,4),
	(23544559,39,10,8),
	(23544559,40,9,4),
	(23544559,42,4,3),
	(23544559,43,0,1),
	(23544559,44,1,0),
	(23544559,45,0,1),
	(23544559,50,0,1),
	(23544559,51,8,5),
	(23544559,53,4,2),
	(23544559,54,3,4),
	(23544559,55,3,3),
	(23544559,57,1,2),
	(23544559,58,2,0),
	(23544559,59,9,2),
	(23544559,61,15,17),
	(23544559,62,5,2),
	(23544559,64,2,3),
	(23544559,67,3,4),
	(23544559,68,2,0),
	(23544559,69,15,13),
	(23544559,75,0,2),
	(23544559,76,19,7),
	(23544559,77,0,1),
	(23544559,79,1,1),
	(23544559,80,0,2),
	(23544559,81,10,6),
	(23544559,85,4,2),
	(23544559,86,2,1),
	(23544559,89,16,9),
	(23544559,90,0,1),
	(23544559,91,2,0),
	(23544559,92,4,5),
	(23544559,96,1,1),
	(23544559,98,0,2),
	(23544559,99,7,4),
	(23544559,101,6,7),
	(23544559,102,9,5),
	(23544559,103,17,19),
	(23544559,104,5,6),
	(23544559,105,4,5),
	(23544559,106,5,1),
	(23544559,107,1,1),
	(23544559,110,0,1),
	(23544559,111,0,1),
	(23544559,112,0,2),
	(23544559,113,0,2),
	(23544559,115,3,3),
	(23544559,117,2,5),
	(23544559,120,2,1),
	(23544559,121,0,1),
	(23544559,126,1,0),
	(23544559,127,13,9),
	(23544559,131,5,4),
	(23544559,134,3,2),
	(23544559,150,23,17),
	(23544559,154,0,1),
	(23544559,157,10,8),
	(23544559,161,6,5),
	(23544559,201,1,3),
	(23544559,222,6,9),
	(23544559,236,5,6),
	(23544559,238,14,10),
	(23544559,245,2,1),
	(23544559,254,7,5),
	(23544559,267,3,2),
	(23544559,268,10,6),
	(23544559,412,4,10),
	(23544559,421,4,3),
	(23544559,429,1,5),
	(23544559,432,0,2),
	(23964577,1,1,3),
	(23964577,2,1,1),
	(23964577,7,4,6),
	(23964577,8,9,3),
	(23964577,12,1,2),
	(23964577,15,4,2),
	(23964577,20,10,7),
	(23964577,25,5,4),
	(23964577,28,2,3),
	(23964577,32,1,0),
	(23964577,39,1,2),
	(23964577,40,32,16),
	(23964577,53,6,5),
	(23964577,57,2,2),
	(23964577,58,0,3),
	(23964577,59,5,3),
	(23964577,61,2,2),
	(23964577,64,1,1),
	(23964577,69,0,1),
	(23964577,76,7,5),
	(23964577,79,6,8),
	(23964577,81,0,1),
	(23964577,89,8,8),
	(23964577,102,0,1),
	(23964577,104,0,3),
	(23964577,105,4,3),
	(23964577,107,0,3),
	(23964577,111,30,17),
	(23964577,113,7,6),
	(23964577,120,3,4),
	(23964577,121,0,6),
	(23964577,126,0,1),
	(23964577,127,1,0),
	(23964577,154,0,1),
	(23964577,236,1,1),
	(23964577,238,2,6),
	(23964577,245,1,1),
	(23964577,254,4,2),
	(23964577,267,12,8),
	(23964577,268,4,5),
	(23964577,412,1,1),
	(24229628,1,0,1),
	(24229628,7,5,4),
	(24229628,11,0,1),
	(24229628,12,3,4),
	(24229628,15,2,2),
	(24229628,16,1,0),
	(24229628,25,1,1),
	(24229628,28,4,2),
	(24229628,31,1,3),
	(24229628,39,2,1),
	(24229628,40,0,1),
	(24229628,51,2,3),
	(24229628,56,1,0),
	(24229628,57,2,1),
	(24229628,59,7,7),
	(24229628,60,0,2),
	(24229628,61,4,0),
	(24229628,64,10,7),
	(24229628,69,1,0),
	(24229628,76,2,1),
	(24229628,79,8,6),
	(24229628,85,1,1),
	(24229628,92,1,0),
	(24229628,101,1,1),
	(24229628,103,2,3),
	(24229628,104,5,2),
	(24229628,105,4,3),
	(24229628,112,0,1),
	(24229628,117,17,5),
	(24229628,119,1,0),
	(24229628,120,0,1),
	(24229628,127,3,2),
	(24229628,134,2,1),
	(24229628,143,1,0),
	(24229628,150,5,1),
	(24229628,154,0,1),
	(24229628,201,2,1),
	(24229628,222,1,0),
	(24229628,236,14,11),
	(24229628,238,0,1),
	(24229628,254,0,1),
	(24229628,266,1,0),
	(24229628,268,1,2),
	(24229628,412,26,16),
	(24229628,429,0,1),
	(25747089,6,7,4),
	(25747089,7,2,1),
	(25747089,8,1,3),
	(25747089,12,0,1),
	(25747089,14,1,0),
	(25747089,15,27,24),
	(25747089,16,2,0),
	(25747089,18,7,12),
	(25747089,20,2,3),
	(25747089,22,11,10),
	(25747089,25,10,12),
	(25747089,28,0,1),
	(25747089,29,0,1),
	(25747089,31,15,12),
	(25747089,39,4,5),
	(25747089,40,14,12),
	(25747089,42,24,20),
	(25747089,51,20,12),
	(25747089,53,1,3),
	(25747089,54,0,1),
	(25747089,57,26,22),
	(25747089,58,0,1),
	(25747089,59,10,13),
	(25747089,60,1,0),
	(25747089,61,0,1),
	(25747089,64,16,20),
	(25747089,67,4,8),
	(25747089,69,3,4),
	(25747089,76,22,25),
	(25747089,79,16,11),
	(25747089,80,1,0),
	(25747089,81,19,23),
	(25747089,89,2,1),
	(25747089,90,0,1),
	(25747089,92,0,1),
	(25747089,96,18,9),
	(25747089,98,0,1),
	(25747089,101,6,5),
	(25747089,103,14,12),
	(25747089,104,107,88),
	(25747089,107,12,12),
	(25747089,110,0,1),
	(25747089,111,2,1),
	(25747089,112,0,5),
	(25747089,113,1,4),
	(25747089,117,0,3),
	(25747089,119,0,2),
	(25747089,127,3,2),
	(25747089,134,0,3),
	(25747089,150,9,11),
	(25747089,154,2,1),
	(25747089,222,69,49),
	(25747089,236,125,138),
	(25747089,238,5,5),
	(25747089,254,1,2),
	(25747089,267,1,1),
	(25747089,268,8,9),
	(25747089,412,45,37),
	(25747089,421,19,16),
	(25747089,429,92,70),
	(25747089,432,1,2),
	(26458572,1,0,2),
	(26458572,2,6,0),
	(26458572,6,0,2),
	(26458572,8,1,1),
	(26458572,12,1,2),
	(26458572,15,39,28),
	(26458572,18,4,5),
	(26458572,22,0,4),
	(26458572,25,0,1),
	(26458572,29,1,0),
	(26458572,30,1,0),
	(26458572,38,0,1),
	(26458572,39,23,20),
	(26458572,40,20,13),
	(26458572,42,48,45),
	(26458572,51,1,2),
	(26458572,57,2,9),
	(26458572,58,1,0),
	(26458572,59,5,7),
	(26458572,64,14,25),
	(26458572,67,6,3),
	(26458572,68,4,5),
	(26458572,69,6,3),
	(26458572,76,1,0),
	(26458572,79,0,1),
	(26458572,81,2,5),
	(26458572,96,0,2),
	(26458572,101,4,3),
	(26458572,103,12,14),
	(26458572,104,61,57),
	(26458572,107,5,5),
	(26458572,111,8,2),
	(26458572,117,4,4),
	(26458572,120,4,2),
	(26458572,126,2,5),
	(26458572,127,1,2),
	(26458572,131,0,1),
	(26458572,150,1,2),
	(26458572,154,3,1),
	(26458572,201,2,1),
	(26458572,222,41,31),
	(26458572,236,46,46),
	(26458572,238,6,8),
	(26458572,245,2,0),
	(26458572,254,0,1),
	(26458572,268,0,3),
	(26458572,412,64,43),
	(26458572,421,26,29),
	(26458572,429,38,36),
	(27341898,1,1,0),
	(27341898,2,0,1),
	(27341898,4,1,2),
	(27341898,5,2,3),
	(27341898,6,1,0),
	(27341898,12,4,6),
	(27341898,15,9,6),
	(27341898,25,15,11),
	(27341898,27,0,1),
	(27341898,28,16,18),
	(27341898,32,2,4),
	(27341898,37,0,1),
	(27341898,39,10,4),
	(27341898,42,3,6),
	(27341898,43,13,11),
	(27341898,48,0,1),
	(27341898,51,5,2),
	(27341898,55,2,5),
	(27341898,57,1,1),
	(27341898,58,0,1),
	(27341898,59,3,5),
	(27341898,60,74,43),
	(27341898,61,1,3),
	(27341898,64,20,27),
	(27341898,76,7,5),
	(27341898,79,29,28),
	(27341898,80,11,7),
	(27341898,83,10,11),
	(27341898,85,2,3),
	(27341898,89,1,2),
	(27341898,98,2,2),
	(27341898,99,1,0),
	(27341898,102,11,7),
	(27341898,103,1,2),
	(27341898,104,2,4),
	(27341898,105,15,11),
	(27341898,117,1,1),
	(27341898,120,1,3),
	(27341898,121,6,10),
	(27341898,131,21,14),
	(27341898,133,0,1),
	(27341898,134,1,1),
	(27341898,154,45,34),
	(27341898,222,1,0),
	(27341898,236,0,1),
	(27341898,238,0,1),
	(27935574,1,4,5),
	(27935574,2,2,1),
	(27935574,4,1,0),
	(27935574,5,3,3),
	(27935574,8,1,2),
	(27935574,9,1,1),
	(27935574,11,5,3),
	(27935574,12,3,1),
	(27935574,13,0,1),
	(27935574,14,0,1),
	(27935574,15,2,3),
	(27935574,16,0,3),
	(27935574,18,10,6),
	(27935574,19,1,0),
	(27935574,20,2,0),
	(27935574,21,1,1),
	(27935574,22,1,0),
	(27935574,25,25,18),
	(27935574,26,4,4),
	(27935574,27,1,1),
	(27935574,28,8,8),
	(27935574,29,7,6),
	(27935574,30,1,1),
	(27935574,31,0,1),
	(27935574,32,0,1),
	(27935574,33,2,1),
	(27935574,34,0,1),
	(27935574,36,5,4),
	(27935574,37,1,0),
	(27935574,38,0,1),
	(27935574,40,9,5),
	(27935574,41,0,1),
	(27935574,43,3,2),
	(27935574,48,2,0),
	(27935574,50,1,0),
	(27935574,51,2,4),
	(27935574,53,9,6),
	(27935574,54,2,1),
	(27935574,56,0,2),
	(27935574,57,1,0),
	(27935574,60,2,7),
	(27935574,61,1,1),
	(27935574,62,1,0),
	(27935574,63,4,5),
	(27935574,64,0,1),
	(27935574,69,5,0),
	(27935574,72,3,0),
	(27935574,74,4,1),
	(27935574,75,1,0),
	(27935574,77,4,3),
	(27935574,79,30,23),
	(27935574,80,2,0),
	(27935574,81,4,4),
	(27935574,83,0,1),
	(27935574,85,4,5),
	(27935574,89,0,3),
	(27935574,90,0,2),
	(27935574,91,2,1),
	(27935574,96,3,4),
	(27935574,98,2,2),
	(27935574,102,0,3),
	(27935574,103,1,1),
	(27935574,106,2,1),
	(27935574,107,0,6),
	(27935574,110,1,1),
	(27935574,111,2,1),
	(27935574,117,2,3),
	(27935574,121,4,4),
	(27935574,126,0,2),
	(27935574,127,1,3),
	(27935574,131,0,1),
	(27935574,134,1,0),
	(27935574,143,4,4),
	(27935574,154,1,1),
	(27935574,157,7,10),
	(27935574,161,2,3),
	(27935574,201,23,12),
	(27935574,266,11,8),
	(27935574,267,5,8),
	(27935574,412,26,15),
	(27935574,432,10,10),
	(28268804,1,2,2),
	(28268804,4,6,19),
	(28268804,5,0,1),
	(28268804,6,0,1),
	(28268804,7,0,2),
	(28268804,8,3,3),
	(28268804,9,0,1),
	(28268804,12,0,1),
	(28268804,14,6,7),
	(28268804,15,1,1),
	(28268804,17,1,11),
	(28268804,19,1,1),
	(28268804,20,1,8),
	(28268804,21,1,0),
	(28268804,22,2,1),
	(28268804,24,13,27),
	(28268804,25,1,1),
	(28268804,27,1,4),
	(28268804,28,2,0),
	(28268804,29,2,3),
	(28268804,30,1,1),
	(28268804,31,1,2),
	(28268804,32,1,0),
	(28268804,35,360,217),
	(28268804,39,9,19),
	(28268804,40,0,2),
	(28268804,41,1,1),
	(28268804,44,0,1),
	(28268804,51,4,8),
	(28268804,53,0,1),
	(28268804,54,1,2),
	(28268804,57,1,1),
	(28268804,59,4,6),
	(28268804,63,1,1),
	(28268804,64,10,16),
	(28268804,68,1,0),
	(28268804,69,0,7),
	(28268804,74,0,1),
	(28268804,76,0,2),
	(28268804,77,1,2),
	(28268804,79,5,11),
	(28268804,80,46,26),
	(28268804,81,1,2),
	(28268804,82,16,16),
	(28268804,86,0,1),
	(28268804,89,1,1),
	(28268804,92,0,1),
	(28268804,98,0,3),
	(28268804,102,7,6),
	(28268804,103,0,2),
	(28268804,104,16,19),
	(28268804,105,4,4),
	(28268804,107,0,1),
	(28268804,111,3,0),
	(28268804,117,2,4),
	(28268804,119,1,3),
	(28268804,120,3,6),
	(28268804,127,0,1),
	(28268804,143,1,0),
	(28268804,154,2,0),
	(28268804,236,0,1),
	(28268804,238,0,1),
	(28268804,254,6,16),
	(29244786,1,0,1),
	(29244786,2,5,3),
	(29244786,3,3,1),
	(29244786,6,4,1),
	(29244786,7,1,0),
	(29244786,8,1,3),
	(29244786,9,1,0),
	(29244786,14,5,5),
	(29244786,15,1,4),
	(29244786,17,1,1),
	(29244786,20,6,8),
	(29244786,22,1,3),
	(29244786,24,0,2),
	(29244786,25,2,1),
	(29244786,28,2,4),
	(29244786,32,1,2),
	(29244786,33,1,2),
	(29244786,34,1,0),
	(29244786,36,0,1),
	(29244786,38,2,0),
	(29244786,39,3,3),
	(29244786,40,0,2),
	(29244786,44,0,1),
	(29244786,51,1,0),
	(29244786,53,1,3),
	(29244786,54,6,6),
	(29244786,57,0,2),
	(29244786,58,0,1),
	(29244786,59,3,3),
	(29244786,60,2,1),
	(29244786,61,6,7),
	(29244786,64,19,23),
	(29244786,67,0,1),
	(29244786,68,1,0),
	(29244786,69,0,3),
	(29244786,72,0,2),
	(29244786,75,1,0),
	(29244786,76,10,10),
	(29244786,77,0,1),
	(29244786,78,0,1),
	(29244786,79,16,14),
	(29244786,80,1,0),
	(29244786,81,3,5),
	(29244786,89,2,0),
	(29244786,92,18,16),
	(29244786,96,0,1),
	(29244786,98,16,13),
	(29244786,101,1,2),
	(29244786,102,1,3),
	(29244786,103,4,8),
	(29244786,104,16,16),
	(29244786,105,3,4),
	(29244786,106,0,1),
	(29244786,107,317,184),
	(29244786,111,8,6),
	(29244786,113,39,17),
	(29244786,117,0,1),
	(29244786,119,3,2),
	(29244786,120,12,5),
	(29244786,121,2,4),
	(29244786,127,1,1),
	(29244786,134,2,1),
	(29244786,150,3,10),
	(29244786,154,16,14),
	(29244786,157,0,1),
	(29244786,161,0,1),
	(29244786,201,3,4),
	(29244786,222,3,2),
	(29244786,223,0,1),
	(29244786,236,7,4),
	(29244786,238,1,3),
	(29244786,245,0,2),
	(29244786,254,8,10),
	(29244786,266,1,3),
	(29244786,412,8,16),
	(29244786,421,20,20),
	(29244786,429,3,4),
	(29244786,432,0,2),
	(29879562,1,50,25),
	(29879562,2,6,5),
	(29879562,3,3,0),
	(29879562,7,0,2),
	(29879562,8,4,4),
	(29879562,9,1,3),
	(29879562,11,35,27),
	(29879562,12,0,1),
	(29879562,13,0,1),
	(29879562,15,3,2),
	(29879562,20,2,0),
	(29879562,23,1,0),
	(29879562,25,0,1),
	(29879562,31,1,2),
	(29879562,32,2,2),
	(29879562,38,1,0),
	(29879562,41,0,1),
	(29879562,45,1,0),
	(29879562,51,0,1),
	(29879562,53,1,0),
	(29879562,54,4,1),
	(29879562,55,4,4),
	(29879562,56,4,6),
	(29879562,57,1,0),
	(29879562,58,1,4),
	(29879562,59,1,0),
	(29879562,61,1,0),
	(29879562,64,0,1),
	(29879562,67,5,2),
	(29879562,68,1,1),
	(29879562,72,0,1),
	(29879562,75,7,6),
	(29879562,79,4,3),
	(29879562,80,14,8),
	(29879562,81,2,0),
	(29879562,85,2,0),
	(29879562,92,0,2),
	(29879562,98,0,1),
	(29879562,99,0,2),
	(29879562,104,12,8),
	(29879562,105,36,32),
	(29879562,106,8,10),
	(29879562,111,3,2),
	(29879562,113,4,1),
	(29879562,114,0,1),
	(29879562,120,0,2),
	(29879562,121,0,1),
	(29879562,122,0,1),
	(29879562,127,0,1),
	(29879562,150,2,0),
	(29879562,154,3,1),
	(29879562,201,0,3),
	(29879562,222,15,12),
	(29879562,238,1,0),
	(29879562,267,1,0),
	(29879562,412,0,2),
	(30590096,1,4,3),
	(30590096,3,0,2),
	(30590096,7,0,1),
	(30590096,8,0,2),
	(30590096,12,14,17),
	(30590096,13,2,3),
	(30590096,15,2,2),
	(30590096,16,1,1),
	(30590096,20,0,1),
	(30590096,22,1,0),
	(30590096,25,19,9),
	(30590096,26,10,6),
	(30590096,31,1,0),
	(30590096,32,1,1),
	(30590096,37,13,18),
	(30590096,38,1,0),
	(30590096,40,92,86),
	(30590096,43,8,9),
	(30590096,44,0,2),
	(30590096,45,1,3),
	(30590096,48,2,8),
	(30590096,50,3,2),
	(30590096,57,11,9),
	(30590096,59,0,1),
	(30590096,61,3,3),
	(30590096,72,2,1),
	(30590096,74,3,3),
	(30590096,75,1,1),
	(30590096,79,2,1),
	(30590096,89,10,9),
	(30590096,98,1,1),
	(30590096,101,1,0),
	(30590096,111,53,31),
	(30590096,112,0,1),
	(30590096,113,6,10),
	(30590096,115,0,2),
	(30590096,117,21,18),
	(30590096,120,0,1),
	(30590096,122,0,1),
	(30590096,143,1,2),
	(30590096,161,1,2),
	(30590096,201,5,4),
	(30590096,222,0,2),
	(30590096,223,0,2),
	(30590096,245,1,0),
	(30590096,267,26,24),
	(30590096,268,1,2),
	(30590096,412,26,12),
	(30590096,432,0,1),
	(30856935,1,1,4),
	(30856935,2,0,4),
	(30856935,4,0,1),
	(30856935,7,3,6),
	(30856935,8,5,4),
	(30856935,11,0,1),
	(30856935,12,2,3),
	(30856935,13,17,21),
	(30856935,14,11,15),
	(30856935,15,4,4),
	(30856935,16,2,3),
	(30856935,18,2,0),
	(30856935,20,1,2),
	(30856935,21,2,0),
	(30856935,22,20,15),
	(30856935,24,23,16),
	(30856935,25,1,6),
	(30856935,31,3,0),
	(30856935,36,1,1),
	(30856935,38,8,6),
	(30856935,39,30,19),
	(30856935,40,3,5),
	(30856935,44,1,0),
	(30856935,48,1,1),
	(30856935,54,10,10),
	(30856935,55,0,1),
	(30856935,57,51,38),
	(30856935,58,6,4),
	(30856935,59,9,14),
	(30856935,60,1,1),
	(30856935,61,2,0),
	(30856935,64,3,1),
	(30856935,68,20,20),
	(30856935,69,17,12),
	(30856935,75,2,3),
	(30856935,76,1,0),
	(30856935,77,1,2),
	(30856935,79,5,2),
	(30856935,80,5,1),
	(30856935,83,1,2),
	(30856935,85,13,15),
	(30856935,89,1,0),
	(30856935,92,0,2),
	(30856935,96,0,1),
	(30856935,98,26,11),
	(30856935,102,5,11),
	(30856935,103,10,9),
	(30856935,104,11,13),
	(30856935,105,45,27),
	(30856935,106,0,2),
	(30856935,107,3,0),
	(30856935,111,8,8),
	(30856935,112,6,6),
	(30856935,113,5,3),
	(30856935,117,4,1),
	(30856935,120,31,17),
	(30856935,121,0,1),
	(30856935,122,1,2),
	(30856935,126,1,0),
	(30856935,127,10,7),
	(30856935,131,0,1),
	(30856935,134,11,3),
	(30856935,143,1,3),
	(30856935,150,87,77),
	(30856935,201,2,2),
	(30856935,222,1,0),
	(30856935,236,8,10),
	(30856935,238,1,1),
	(30856935,245,3,6),
	(30856935,254,20,12),
	(30856935,267,1,3),
	(30856935,268,8,9),
	(30856935,412,4,1),
	(30856935,421,18,6),
	(31281749,1,4,7),
	(31281749,2,1,0),
	(31281749,3,0,1),
	(31281749,4,19,15),
	(31281749,6,10,12),
	(31281749,7,51,45),
	(31281749,8,73,33),
	(31281749,9,0,1),
	(31281749,10,9,5),
	(31281749,11,4,4),
	(31281749,13,4,6),
	(31281749,15,0,1),
	(31281749,16,1,0),
	(31281749,17,3,10),
	(31281749,18,1,3),
	(31281749,20,1,3),
	(31281749,21,0,1),
	(31281749,22,4,10),
	(31281749,23,3,6),
	(31281749,24,14,10),
	(31281749,25,8,11),
	(31281749,27,2,0),
	(31281749,28,2,5),
	(31281749,29,0,1),
	(31281749,30,2,1),
	(31281749,31,6,5),
	(31281749,32,3,0),
	(31281749,33,0,3),
	(31281749,34,1,2),
	(31281749,38,18,12),
	(31281749,39,1,3),
	(31281749,40,4,12),
	(31281749,41,0,1),
	(31281749,42,2,0),
	(31281749,50,2,0),
	(31281749,51,7,13),
	(31281749,53,24,23),
	(31281749,54,2,0),
	(31281749,55,50,36),
	(31281749,56,1,0),
	(31281749,57,11,13),
	(31281749,58,0,1),
	(31281749,59,4,6),
	(31281749,60,0,2),
	(31281749,61,12,10),
	(31281749,62,1,0),
	(31281749,63,2,3),
	(31281749,64,1,3),
	(31281749,67,20,22),
	(31281749,68,5,2),
	(31281749,69,43,38),
	(31281749,72,0,2),
	(31281749,74,0,1),
	(31281749,76,3,2),
	(31281749,77,1,1),
	(31281749,78,0,3),
	(31281749,79,8,7),
	(31281749,80,5,4),
	(31281749,81,11,19),
	(31281749,82,0,1),
	(31281749,83,1,0),
	(31281749,85,0,1),
	(31281749,89,2,3),
	(31281749,91,5,4),
	(31281749,92,15,18),
	(31281749,96,22,22),
	(31281749,101,7,8),
	(31281749,102,2,4),
	(31281749,103,34,29),
	(31281749,104,1,3),
	(31281749,105,0,2),
	(31281749,107,37,33),
	(31281749,110,12,11),
	(31281749,111,3,10),
	(31281749,112,67,55),
	(31281749,113,12,7),
	(31281749,114,8,8),
	(31281749,117,1,1),
	(31281749,120,61,29),
	(31281749,121,0,3),
	(31281749,122,13,12),
	(31281749,127,10,7),
	(31281749,133,3,6),
	(31281749,134,6,5),
	(31281749,143,1,2),
	(31281749,150,8,22),
	(31281749,154,0,1),
	(31281749,157,50,60),
	(31281749,161,4,5),
	(31281749,201,3,2),
	(31281749,222,11,10),
	(31281749,236,16,29),
	(31281749,238,13,13),
	(31281749,245,1,1),
	(31281749,254,20,14),
	(31281749,266,0,1),
	(31281749,267,1,3),
	(31281749,268,6,10),
	(31281749,412,1,2),
	(31281749,429,7,12),
	(31281749,432,2,2),
	(33696860,1,0,3),
	(33696860,2,3,2),
	(33696860,6,0,3),
	(33696860,7,3,2),
	(33696860,8,6,7),
	(33696860,9,1,0),
	(33696860,10,0,1),
	(33696860,12,29,36),
	(33696860,13,1,1),
	(33696860,14,3,3),
	(33696860,15,0,1),
	(33696860,16,3,0),
	(33696860,25,0,2),
	(33696860,31,4,3),
	(33696860,36,3,4),
	(33696860,37,0,1),
	(33696860,38,2,2),
	(33696860,39,0,2),
	(33696860,40,38,33),
	(33696860,42,3,3),
	(33696860,43,1,0),
	(33696860,44,0,1),
	(33696860,50,0,1),
	(33696860,51,1,2),
	(33696860,53,23,12),
	(33696860,54,3,3),
	(33696860,56,1,2),
	(33696860,57,2,3),
	(33696860,58,0,1),
	(33696860,59,1,0),
	(33696860,60,0,1),
	(33696860,64,11,14),
	(33696860,69,0,1),
	(33696860,75,1,1),
	(33696860,76,5,2),
	(33696860,79,0,1),
	(33696860,80,1,2),
	(33696860,81,2,2),
	(33696860,85,5,9),
	(33696860,86,0,1),
	(33696860,89,31,34),
	(33696860,96,4,0),
	(33696860,98,0,2),
	(33696860,99,3,7),
	(33696860,101,4,4),
	(33696860,102,4,3),
	(33696860,103,2,3),
	(33696860,104,0,1),
	(33696860,105,8,7),
	(33696860,106,2,4),
	(33696860,107,3,5),
	(33696860,110,4,0),
	(33696860,111,38,30),
	(33696860,113,2,4),
	(33696860,115,6,0),
	(33696860,117,3,5),
	(33696860,120,8,8),
	(33696860,126,0,3),
	(33696860,127,8,7),
	(33696860,131,1,2),
	(33696860,134,3,3),
	(33696860,150,43,38),
	(33696860,154,0,1),
	(33696860,157,1,0),
	(33696860,201,23,23),
	(33696860,222,2,8),
	(33696860,236,50,43),
	(33696860,266,1,0),
	(33696860,267,1,2),
	(33696860,268,0,1),
	(33696860,412,154,132),
	(33696860,432,0,1),
	(34541249,1,1,0),
	(34541249,7,0,3),
	(34541249,13,0,1),
	(34541249,25,1,1),
	(34541249,39,16,13),
	(34541249,51,6,6),
	(34541249,59,18,13),
	(34541249,61,0,1),
	(34541249,64,2,1),
	(34541249,67,2,2),
	(34541249,89,2,6),
	(34541249,92,7,3),
	(34541249,98,0,1),
	(34541249,103,16,12),
	(34541249,104,2,4),
	(34541249,150,1,1),
	(34541249,157,1,1),
	(34541249,236,0,1),
	(34541249,238,4,5),
	(34541249,268,3,1),
	(34541249,412,85,41),
	(39389620,1,1,2),
	(39389620,9,1,0),
	(39389620,12,2,0),
	(39389620,13,0,1),
	(39389620,14,0,1),
	(39389620,15,1,0),
	(39389620,16,106,56),
	(39389620,18,5,7),
	(39389620,20,1,1),
	(39389620,23,1,1),
	(39389620,25,26,24),
	(39389620,32,1,3),
	(39389620,37,2,0),
	(39389620,40,116,100),
	(39389620,42,5,6),
	(39389620,43,1,1),
	(39389620,44,1,1),
	(39389620,51,12,16),
	(39389620,53,5,3),
	(39389620,54,0,1),
	(39389620,55,0,1),
	(39389620,57,1,3),
	(39389620,63,1,2),
	(39389620,84,1,1),
	(39389620,89,1,1),
	(39389620,102,2,2),
	(39389620,104,0,1),
	(39389620,111,7,13),
	(39389620,117,18,20),
	(39389620,127,0,1),
	(39389620,143,0,2),
	(39389620,161,2,1),
	(39389620,201,0,1),
	(39389620,222,1,3),
	(39389620,267,2,9),
	(39389620,412,7,9),
	(39389620,429,0,2),
	(39494847,1,3,5),
	(39494847,12,11,8),
	(39494847,22,1,0),
	(39494847,24,1,1),
	(39494847,25,21,18),
	(39494847,31,0,1),
	(39494847,32,3,1),
	(39494847,35,190,127),
	(39494847,40,4,3),
	(39494847,41,0,2),
	(39494847,51,0,3),
	(39494847,53,11,14),
	(39494847,63,5,3),
	(39494847,81,1,7),
	(39494847,89,16,17),
	(39494847,103,0,3),
	(39494847,104,0,2),
	(39494847,111,9,5),
	(39494847,122,1,2),
	(39494847,201,43,49),
	(39494847,254,2,2),
	(39998452,12,4,1),
	(39998452,14,2,0),
	(39998452,15,2,1),
	(39998452,20,0,1),
	(39998452,25,6,7),
	(39998452,38,0,1),
	(39998452,39,0,3),
	(39998452,40,35,15),
	(39998452,42,2,0),
	(39998452,51,1,2),
	(39998452,53,12,7),
	(39998452,54,0,1),
	(39998452,57,3,0),
	(39998452,59,2,4),
	(39998452,64,1,3),
	(39998452,69,1,1),
	(39998452,76,11,5),
	(39998452,81,0,2),
	(39998452,89,5,4),
	(39998452,104,4,8),
	(39998452,105,0,1),
	(39998452,117,10,5),
	(39998452,127,1,2),
	(39998452,150,0,1),
	(39998452,201,0,1),
	(39998452,236,3,1),
	(39998452,254,4,2),
	(39998452,267,1,3),
	(39998452,412,66,42),
	(39998452,429,7,1),
	(39998452,432,0,1),
	(40861959,78,1,0),
	(40861959,92,119,85),
	(40956931,1,2,0),
	(40956931,3,1,0),
	(40956931,4,1,1),
	(40956931,6,1,1),
	(40956931,8,7,7),
	(40956931,12,2,4),
	(40956931,13,0,2),
	(40956931,14,0,2),
	(40956931,15,3,2),
	(40956931,20,2,2),
	(40956931,22,2,0),
	(40956931,23,1,3),
	(40956931,24,58,42),
	(40956931,25,2,0),
	(40956931,29,3,4),
	(40956931,31,0,2),
	(40956931,32,3,1),
	(40956931,35,30,17),
	(40956931,36,13,10),
	(40956931,38,4,3),
	(40956931,39,42,42),
	(40956931,40,6,4),
	(40956931,42,2,2),
	(40956931,48,11,13),
	(40956931,50,2,0),
	(40956931,53,1,0),
	(40956931,54,16,13),
	(40956931,56,1,1),
	(40956931,57,15,9),
	(40956931,58,3,1),
	(40956931,61,1,1),
	(40956931,62,2,2),
	(40956931,64,4,4),
	(40956931,67,11,16),
	(40956931,68,35,28),
	(40956931,69,5,6),
	(40956931,74,2,1),
	(40956931,75,1,4),
	(40956931,78,0,1),
	(40956931,80,1,0),
	(40956931,82,1,0),
	(40956931,85,2,2),
	(40956931,90,24,20),
	(40956931,91,2,2),
	(40956931,92,8,10),
	(40956931,98,2,6),
	(40956931,102,8,16),
	(40956931,104,1,1),
	(40956931,105,16,11),
	(40956931,107,0,2),
	(40956931,111,2,1),
	(40956931,114,0,1),
	(40956931,117,17,8),
	(40956931,120,6,5),
	(40956931,121,1,1),
	(40956931,126,0,1),
	(40956931,127,3,4),
	(40956931,150,37,28),
	(40956931,157,1,1),
	(40956931,236,2,5),
	(40956931,238,3,1),
	(40956931,254,0,1),
	(40956931,412,3,3),
	(41518574,1,2,2),
	(41518574,4,30,21),
	(41518574,5,1,0),
	(41518574,6,2,5),
	(41518574,7,6,3),
	(41518574,8,9,7),
	(41518574,9,1,0),
	(41518574,10,2,1),
	(41518574,11,0,1),
	(41518574,12,7,1),
	(41518574,13,1,1),
	(41518574,14,2,2),
	(41518574,15,3,3),
	(41518574,16,2,0),
	(41518574,17,1,1),
	(41518574,20,2,0),
	(41518574,22,4,0),
	(41518574,23,1,1),
	(41518574,24,2,0),
	(41518574,25,2,5),
	(41518574,26,1,2),
	(41518574,27,1,0),
	(41518574,28,0,2),
	(41518574,31,2,3),
	(41518574,34,1,0),
	(41518574,35,1,1),
	(41518574,38,0,1),
	(41518574,39,3,4),
	(41518574,41,2,0),
	(41518574,42,12,5),
	(41518574,43,0,1),
	(41518574,51,0,1),
	(41518574,54,0,2),
	(41518574,55,3,0),
	(41518574,58,2,2),
	(41518574,59,2,1),
	(41518574,61,0,2),
	(41518574,62,0,2),
	(41518574,63,1,1),
	(41518574,64,8,16),
	(41518574,67,2,5),
	(41518574,68,9,8),
	(41518574,69,39,18),
	(41518574,76,7,1),
	(41518574,79,7,2),
	(41518574,81,10,3),
	(41518574,82,2,1),
	(41518574,85,1,0),
	(41518574,86,0,1),
	(41518574,90,1,0),
	(41518574,92,2,2),
	(41518574,96,2,5),
	(41518574,98,1,3),
	(41518574,99,0,1),
	(41518574,101,1,3),
	(41518574,102,1,0),
	(41518574,103,12,7),
	(41518574,104,2,2),
	(41518574,105,10,4),
	(41518574,110,4,7),
	(41518574,112,64,32),
	(41518574,126,4,3),
	(41518574,127,1,2),
	(41518574,238,17,8),
	(41518574,268,12,21),
	(41518574,412,3,3),
	(41532979,1,0,1),
	(41532979,5,0,1),
	(41532979,7,0,2),
	(41532979,8,18,8),
	(41532979,10,0,1),
	(41532979,13,0,1),
	(41532979,14,0,2),
	(41532979,15,6,5),
	(41532979,16,0,1),
	(41532979,17,0,3),
	(41532979,18,0,1),
	(41532979,20,5,7),
	(41532979,22,0,3),
	(41532979,23,1,0),
	(41532979,25,0,2),
	(41532979,28,2,9),
	(41532979,29,1,0),
	(41532979,35,34,40),
	(41532979,38,2,1),
	(41532979,40,8,7),
	(41532979,42,1,7),
	(41532979,50,1,0),
	(41532979,51,8,8),
	(41532979,54,2,1),
	(41532979,55,0,1),
	(41532979,59,2,3),
	(41532979,60,1,3),
	(41532979,61,0,1),
	(41532979,64,25,19),
	(41532979,69,1,2),
	(41532979,74,2,2),
	(41532979,76,188,99),
	(41532979,79,0,1),
	(41532979,81,5,8),
	(41532979,85,22,19),
	(41532979,86,0,1),
	(41532979,92,0,1),
	(41532979,98,3,3),
	(41532979,102,1,0),
	(41532979,103,0,1),
	(41532979,104,4,10),
	(41532979,113,2,1),
	(41532979,120,6,6),
	(41532979,126,1,1),
	(41532979,127,1,0),
	(41532979,131,1,0),
	(41532979,150,1,5),
	(41532979,245,2,3),
	(41532979,421,34,24),
	(42025133,1,5,5),
	(42025133,2,6,5),
	(42025133,3,2,3),
	(42025133,4,1,2),
	(42025133,7,4,4),
	(42025133,8,2,5),
	(42025133,9,1,1),
	(42025133,10,3,3),
	(42025133,11,1,1),
	(42025133,12,1,1),
	(42025133,13,1,3),
	(42025133,14,1,1),
	(42025133,15,4,5),
	(42025133,16,1,0),
	(42025133,18,14,8),
	(42025133,19,3,3),
	(42025133,20,0,3),
	(42025133,22,6,4),
	(42025133,23,0,1),
	(42025133,25,0,2),
	(42025133,28,1,3),
	(42025133,29,1,1),
	(42025133,31,18,13),
	(42025133,32,2,3),
	(42025133,33,1,2),
	(42025133,34,2,1),
	(42025133,35,0,3),
	(42025133,36,1,2),
	(42025133,37,2,6),
	(42025133,38,0,2),
	(42025133,39,14,17),
	(42025133,40,17,12),
	(42025133,42,1,4),
	(42025133,44,1,2),
	(42025133,48,2,1),
	(42025133,51,3,2),
	(42025133,53,12,5),
	(42025133,54,5,5),
	(42025133,55,0,2),
	(42025133,56,0,1),
	(42025133,57,3,4),
	(42025133,58,2,2),
	(42025133,59,4,4),
	(42025133,61,3,5),
	(42025133,62,13,16),
	(42025133,63,0,2),
	(42025133,64,1,1),
	(42025133,67,11,9),
	(42025133,68,0,2),
	(42025133,74,6,5),
	(42025133,75,2,0),
	(42025133,76,2,2),
	(42025133,77,0,1),
	(42025133,78,3,3),
	(42025133,79,12,3),
	(42025133,80,3,1),
	(42025133,81,5,5),
	(42025133,84,3,1),
	(42025133,85,21,21),
	(42025133,89,0,4),
	(42025133,90,8,9),
	(42025133,91,2,5),
	(42025133,92,2,1),
	(42025133,96,0,3),
	(42025133,98,0,2),
	(42025133,99,0,2),
	(42025133,101,0,1),
	(42025133,102,0,1),
	(42025133,103,2,3),
	(42025133,104,34,36),
	(42025133,105,4,7),
	(42025133,106,2,5),
	(42025133,107,3,2),
	(42025133,110,2,2),
	(42025133,111,2,5),
	(42025133,112,7,4),
	(42025133,113,16,14),
	(42025133,115,1,1),
	(42025133,119,1,0),
	(42025133,120,40,16),
	(42025133,121,0,2),
	(42025133,126,1,0),
	(42025133,127,8,5),
	(42025133,131,2,0),
	(42025133,150,10,10),
	(42025133,154,5,3),
	(42025133,201,1,0),
	(42025133,222,19,18),
	(42025133,236,1,4),
	(42025133,238,1,1),
	(42025133,245,0,1),
	(42025133,254,3,2),
	(42025133,267,1,1),
	(42025133,268,1,3),
	(42025133,412,3,2),
	(42025133,421,7,6),
	(42025133,429,3,6),
	(42025133,432,3,2),
	(43210650,1,4,7),
	(43210650,7,1,0),
	(43210650,8,0,1),
	(43210650,23,4,4),
	(43210650,25,0,1),
	(43210650,35,1,2),
	(43210650,53,0,1),
	(43210650,56,0,3),
	(43210650,61,0,1),
	(43210650,64,0,1),
	(43210650,67,1,0),
	(43210650,75,0,1),
	(43210650,92,3,4),
	(43210650,107,0,2),
	(43210650,117,0,2),
	(43210650,127,0,1),
	(43210650,134,0,1),
	(43210650,201,0,1),
	(43210650,238,239,154),
	(43210650,254,1,0),
	(43210650,268,0,1),
	(43210650,412,10,9),
	(45969859,1,0,2),
	(45969859,2,1,1),
	(45969859,4,196,131),
	(45969859,5,0,1),
	(45969859,6,5,1),
	(45969859,7,3,3),
	(45969859,8,3,1),
	(45969859,10,1,0),
	(45969859,12,1,2),
	(45969859,13,1,0),
	(45969859,14,3,4),
	(45969859,15,26,11),
	(45969859,18,0,2),
	(45969859,20,2,0),
	(45969859,21,0,1),
	(45969859,22,0,3),
	(45969859,23,1,1),
	(45969859,24,4,6),
	(45969859,25,20,12),
	(45969859,27,2,1),
	(45969859,28,0,1),
	(45969859,29,1,0),
	(45969859,30,1,2),
	(45969859,31,0,1),
	(45969859,35,0,1),
	(45969859,38,2,4),
	(45969859,39,4,7),
	(45969859,40,0,4),
	(45969859,41,0,1),
	(45969859,42,4,0),
	(45969859,51,5,4),
	(45969859,57,4,4),
	(45969859,58,1,1),
	(45969859,59,1,6),
	(45969859,61,0,3),
	(45969859,64,6,13),
	(45969859,67,68,54),
	(45969859,68,2,1),
	(45969859,69,5,4),
	(45969859,75,3,5),
	(45969859,76,1,1),
	(45969859,77,0,2),
	(45969859,79,3,3),
	(45969859,81,7,7),
	(45969859,92,2,2),
	(45969859,96,2,1),
	(45969859,101,0,1),
	(45969859,103,10,6),
	(45969859,104,19,18),
	(45969859,105,0,2),
	(45969859,110,1,2),
	(45969859,112,0,1),
	(45969859,113,1,1),
	(45969859,115,0,1),
	(45969859,117,7,4),
	(45969859,119,6,2),
	(45969859,120,1,2),
	(45969859,126,3,4),
	(45969859,127,3,2),
	(45969859,134,1,1),
	(45969859,150,11,12),
	(45969859,154,2,3),
	(45969859,157,1,1),
	(45969859,222,2,4),
	(45969859,236,66,55),
	(45969859,238,2,4),
	(45969859,254,16,14),
	(45969859,266,1,2),
	(45969859,267,2,1),
	(45969859,268,1,3),
	(45969859,412,6,15),
	(45969859,421,2,7),
	(45969859,429,2,7),
	(45969859,432,17,19),
	(54367179,5,3,0),
	(54367179,7,80,58),
	(54367179,8,11,10),
	(54367179,11,0,1),
	(54367179,12,0,5),
	(54367179,13,0,1),
	(54367179,18,3,2),
	(54367179,22,0,1),
	(54367179,25,0,6),
	(54367179,28,0,1),
	(54367179,31,26,29),
	(54367179,32,1,0),
	(54367179,39,14,11),
	(54367179,40,3,3),
	(54367179,42,2,1),
	(54367179,51,2,1),
	(54367179,53,0,1),
	(54367179,54,1,5),
	(54367179,55,2,3),
	(54367179,57,5,4),
	(54367179,61,3,6),
	(54367179,68,0,1),
	(54367179,69,56,48),
	(54367179,76,35,25),
	(54367179,79,8,2),
	(54367179,80,4,1),
	(54367179,81,8,9),
	(54367179,84,0,1),
	(54367179,96,5,5),
	(54367179,101,7,7),
	(54367179,102,0,1),
	(54367179,103,64,53),
	(54367179,104,10,14),
	(54367179,105,1,1),
	(54367179,107,1,1),
	(54367179,110,25,19),
	(54367179,112,1,4),
	(54367179,115,5,4),
	(54367179,117,10,5),
	(54367179,120,1,4),
	(54367179,126,20,19),
	(54367179,127,0,3),
	(54367179,131,17,13),
	(54367179,134,6,7),
	(54367179,150,0,2),
	(54367179,157,2,4),
	(54367179,201,1,0),
	(54367179,222,0,2),
	(54367179,236,8,11),
	(54367179,238,80,56),
	(54367179,245,2,8),
	(54367179,254,9,8),
	(54367179,268,0,7),
	(54367179,421,0,1),
	(54767944,1,1,0),
	(54767944,7,1,1),
	(54767944,14,1,2),
	(54767944,15,5,6),
	(54767944,24,0,2),
	(54767944,25,9,9),
	(54767944,32,4,1),
	(54767944,39,11,5),
	(54767944,40,3,8),
	(54767944,42,1,3),
	(54767944,51,27,18),
	(54767944,53,0,1),
	(54767944,57,3,2),
	(54767944,59,5,10),
	(54767944,62,3,3),
	(54767944,64,12,12),
	(54767944,67,10,12),
	(54767944,81,0,4),
	(54767944,85,3,1),
	(54767944,89,1,0),
	(54767944,101,17,14),
	(54767944,103,6,5),
	(54767944,104,74,57),
	(54767944,107,1,4),
	(54767944,111,2,2),
	(54767944,113,3,4),
	(54767944,117,0,1),
	(54767944,119,0,1),
	(54767944,120,1,0),
	(54767944,121,1,1),
	(54767944,126,1,1),
	(54767944,127,3,5),
	(54767944,134,0,1),
	(54767944,150,3,2),
	(54767944,161,8,5),
	(54767944,201,0,1),
	(54767944,222,29,13),
	(54767944,236,29,20),
	(54767944,238,28,10),
	(54767944,254,1,2),
	(54767944,266,0,1),
	(54767944,267,6,3),
	(54767944,412,44,44),
	(54767944,421,17,12),
	(54767944,429,4,4),
	(70037418,15,16,9),
	(70037418,18,0,4),
	(70037418,22,1,2),
	(70037418,25,0,1),
	(70037418,42,6,8),
	(70037418,51,6,10),
	(70037418,53,1,0),
	(70037418,64,0,1),
	(70037418,67,23,11),
	(70037418,81,0,2),
	(70037418,104,16,12),
	(70037418,222,19,13),
	(70037418,236,9,10),
	(70037418,254,1,1),
	(70037418,412,0,1),
	(70037418,429,57,31),
	(70577667,5,0,1),
	(70577667,8,0,2),
	(70577667,12,1,1),
	(70577667,14,2,2),
	(70577667,20,0,1),
	(70577667,35,8,7),
	(70577667,38,1,1),
	(70577667,39,0,1),
	(70577667,41,1,1),
	(70577667,48,1,1),
	(70577667,53,0,1),
	(70577667,56,14,21),
	(70577667,58,1,1),
	(70577667,62,14,9),
	(70577667,64,0,2),
	(70577667,74,0,1),
	(70577667,80,0,1),
	(70577667,91,73,47),
	(70577667,92,0,1),
	(70577667,102,0,1),
	(70577667,104,0,1),
	(70577667,107,76,52),
	(70577667,119,1,1),
	(70577667,120,2,2),
	(70577667,121,11,12),
	(70577667,157,22,27),
	(70577667,254,2,1),
	(70577667,421,2,2),
	(70577667,432,1,0),
	(71709078,10,1,0),
	(71709078,11,4,3),
	(71709078,15,11,6),
	(71709078,16,1,2),
	(71709078,18,10,8),
	(71709078,19,1,0),
	(71709078,20,0,1),
	(71709078,22,5,0),
	(71709078,23,1,1),
	(71709078,31,0,1),
	(71709078,39,7,4),
	(71709078,42,0,1),
	(71709078,51,1,1),
	(71709078,59,0,2),
	(71709078,78,2,1),
	(71709078,98,1,0),
	(71709078,119,109,60),
	(71709078,429,8,6),
	(72517674,2,0,2),
	(72517674,4,12,8),
	(72517674,6,4,2),
	(72517674,7,6,5),
	(72517674,8,5,2),
	(72517674,13,2,1),
	(72517674,15,1,5),
	(72517674,16,1,1),
	(72517674,17,0,1),
	(72517674,22,1,0),
	(72517674,24,2,0),
	(72517674,25,2,2),
	(72517674,30,1,0),
	(72517674,31,8,2),
	(72517674,34,1,1),
	(72517674,38,2,1),
	(72517674,39,6,2),
	(72517674,42,2,2),
	(72517674,43,3,2),
	(72517674,45,1,0),
	(72517674,51,1,1),
	(72517674,54,0,1),
	(72517674,55,8,2),
	(72517674,59,6,4),
	(72517674,60,0,1),
	(72517674,61,0,2),
	(72517674,64,10,7),
	(72517674,67,9,3),
	(72517674,68,3,0),
	(72517674,69,5,5),
	(72517674,75,1,0),
	(72517674,76,6,4),
	(72517674,77,0,1),
	(72517674,79,3,1),
	(72517674,81,10,9),
	(72517674,82,1,1),
	(72517674,86,0,1),
	(72517674,89,1,0),
	(72517674,91,7,3),
	(72517674,92,5,6),
	(72517674,96,1,2),
	(72517674,98,1,0),
	(72517674,99,0,2),
	(72517674,101,8,5),
	(72517674,103,1,3),
	(72517674,104,2,0),
	(72517674,105,14,9),
	(72517674,107,1,0),
	(72517674,110,8,3),
	(72517674,112,10,3),
	(72517674,115,0,2),
	(72517674,117,3,4),
	(72517674,119,2,1),
	(72517674,120,7,3),
	(72517674,121,0,2),
	(72517674,122,0,1),
	(72517674,126,1,1),
	(72517674,127,3,0),
	(72517674,131,6,6),
	(72517674,134,3,1),
	(72517674,150,1,2),
	(72517674,154,0,1),
	(72517674,157,4,5),
	(72517674,222,0,2),
	(72517674,236,5,5),
	(72517674,238,16,8),
	(72517674,245,5,1),
	(72517674,254,0,1),
	(72517674,268,23,30),
	(72517674,412,1,3);

/*!40000 ALTER TABLE `summoner_champion_stats` ENABLE KEYS */;
UNLOCK TABLES;


# Dump of table summoners
# ------------------------------------------------------------

DROP TABLE IF EXISTS `summoners`;

CREATE TABLE `summoners` (
  `summonerId` bigint(20) NOT NULL,
  `name` varchar(100) CHARACTER SET utf8mb4 COLLATE utf8mb4_unicode_ci DEFAULT NULL,
  `platformId` varchar(10) DEFAULT NULL,
  `iconImageUrl` varchar(255) DEFAULT NULL,
  `lastModified` bigint(20) DEFAULT NULL,
  `lastStatsModified` bigint(20) DEFAULT NULL,
  `level` int(11) DEFAULT NULL,
  `totalSessionsWon` int(11) DEFAULT NULL,
  `totalSessionsLost` int(11) DEFAULT NULL,
  `teamId` int(11) DEFAULT NULL,
  `championId` int(11) DEFAULT NULL,
  `championImageUrl` varchar(255) DEFAULT NULL,
  PRIMARY KEY (`summonerId`),
  KEY `ix_summoners_name` (`name`),
  KEY `ix_summoners_lastModified` (`lastModified`),
  KEY `ix_summoners_lastStatsModified` (`lastStatsModified`),
  KEY `ix_summoners_platformId` (`platformId`)
) ENGINE=InnoDB DEFAULT CHARSET=latin1;

LOCK TABLES `summoners` WRITE;
/*!40000 ALTER TABLE `summoners` DISABLE KEYS */;

INSERT INTO `summoners` (`summonerId`, `name`, `platformId`, `iconImageUrl`, `lastModified`, `lastStatsModified`, `level`, `totalSessionsWon`, `totalSessionsLost`, `teamId`, `championId`, `championImageUrl`)
VALUES
	(387788,'Schmandfred',NULL,'http://ddragon.leagueoflegends.com/cdn/5.13.1/img/profileicon/747.png',1437138516000,1437138516000,30,591,552,100,79,'http://ddragon.leagueoflegends.com/cdn/5.2.1/img/champion/Gragas.png'),
	(18997457,'P4ndemonium',NULL,'http://ddragon.leagueoflegends.com/cdn/5.13.1/img/profileicon/785.png',1437138864000,1437138864000,30,433,365,100,126,'http://ddragon.leagueoflegends.com/cdn/5.2.1/img/champion/Jayce.png'),
	(19351584,'OGTV MadD',NULL,'http://ddragon.leagueoflegends.com/cdn/5.13.1/img/profileicon/21.png',1437138216000,1437138216000,30,136,114,200,103,'http://ddragon.leagueoflegends.com/cdn/5.2.1/img/champion/Ahri.png'),
	(19533966,'Zanzarah',NULL,'http://ddragon.leagueoflegends.com/cdn/5.13.1/img/profileicon/580.png',1437137941000,1437137941000,30,300,246,200,61,'http://ddragon.leagueoflegends.com/cdn/5.2.1/img/champion/Orianna.png'),
	(19965912,'CD JustNo0b',NULL,'http://ddragon.leagueoflegends.com/cdn/5.13.1/img/profileicon/691.png',1437137941000,1437137941000,30,570,545,200,41,'http://ddragon.leagueoflegends.com/cdn/5.2.1/img/champion/Gangplank.png'),
	(20623578,'Hawk Senpai',NULL,'http://ddragon.leagueoflegends.com/cdn/5.13.1/img/profileicon/685.png',1437139277000,1437139277000,30,220,191,200,69,'http://ddragon.leagueoflegends.com/cdn/5.2.1/img/champion/Cassiopeia.png'),
	(20672976,'Malay',NULL,'http://ddragon.leagueoflegends.com/cdn/5.13.1/img/profileicon/7.png',1437139068000,1437139068000,30,214,194,100,105,'http://ddragon.leagueoflegends.com/cdn/5.2.1/img/champion/Fizz.png'),
	(20817524,'I lennart I',NULL,'http://ddragon.leagueoflegends.com/cdn/5.13.1/img/profileicon/0.png',1437137749000,1436976347000,30,300,273,100,40,'http://ddragon.leagueoflegends.com/cdn/5.2.1/img/champion/Janna.png'),
	(20843282,'Imperio LFT',NULL,'http://ddragon.leagueoflegends.com/cdn/5.13.1/img/profileicon/7.png',1436960356000,1436960356000,30,811,746,100,236,'http://ddragon.leagueoflegends.com/cdn/5.2.1/img/champion/Lucian.png'),
	(21494550,'Visu',NULL,'http://ddragon.leagueoflegends.com/cdn/5.13.1/img/profileicon/773.png',1437138948000,1437138948000,30,551,535,200,10,'http://ddragon.leagueoflegends.com/cdn/5.2.1/img/champion/Kayle.png'),
	(21527550,'Roldo',NULL,'http://ddragon.leagueoflegends.com/cdn/5.13.1/img/profileicon/586.png',1437138948000,1437138948000,30,487,472,100,89,'http://ddragon.leagueoflegends.com/cdn/5.2.1/img/champion/Leona.png'),
	(21624124,'Dumb',NULL,'http://ddragon.leagueoflegends.com/cdn/5.13.1/img/profileicon/0.png',1437138905000,1437138905000,30,664,615,200,68,'http://ddragon.leagueoflegends.com/cdn/5.2.1/img/champion/Rumble.png'),
	(22029962,'McParaplegic',NULL,'http://ddragon.leagueoflegends.com/cdn/5.13.1/img/profileicon/24.png',1437139068000,1437139068000,30,526,494,200,131,'http://ddragon.leagueoflegends.com/cdn/5.2.1/img/champion/Diana.png'),
	(22659867,'MYM Klajbajk',NULL,'http://ddragon.leagueoflegends.com/cdn/5.13.1/img/profileicon/28.png',1437087088000,1436996249000,30,623,549,100,412,'http://ddragon.leagueoflegends.com/cdn/5.2.1/img/champion/Thresh.png'),
	(22776468,'NotAWildHrt',NULL,'http://ddragon.leagueoflegends.com/cdn/5.13.1/img/profileicon/507.png',1437138865000,1437138865000,30,400,296,200,412,'http://ddragon.leagueoflegends.com/cdn/5.2.1/img/champion/Thresh.png'),
	(22798747,'242518126',NULL,'http://ddragon.leagueoflegends.com/cdn/5.13.1/img/profileicon/761.png',1437138703000,1436909560000,30,144,92,100,68,'http://ddragon.leagueoflegends.com/cdn/5.2.1/img/champion/Rumble.png'),
	(22864811,'LilJuice',NULL,'http://ddragon.leagueoflegends.com/cdn/5.13.1/img/profileicon/785.png',1437138905000,1437138905000,30,394,364,200,22,'http://ddragon.leagueoflegends.com/cdn/5.2.1/img/champion/Ashe.png'),
	(22988475,'Cloverfield',NULL,'http://ddragon.leagueoflegends.com/cdn/5.13.1/img/profileicon/786.png',1437128226000,1436981528000,30,502,433,200,53,'http://ddragon.leagueoflegends.com/cdn/5.2.1/img/champion/Blitzcrank.png'),
	(23275743,'Sieg LFT',NULL,'http://ddragon.leagueoflegends.com/cdn/5.13.1/img/profileicon/590.png',1437138905000,1437138905000,30,244,224,200,81,'http://ddragon.leagueoflegends.com/cdn/5.2.1/img/champion/Ezreal.png'),
	(23544559,'SenpaiFz v1',NULL,'http://ddragon.leagueoflegends.com/cdn/5.13.1/img/profileicon/613.png',1437070764000,1436979733000,30,419,361,200,58,'http://ddragon.leagueoflegends.com/cdn/5.2.1/img/champion/Renekton.png'),
	(23964577,'KD ViniBoy',NULL,'http://ddragon.leagueoflegends.com/cdn/5.13.1/img/profileicon/755.png',1437138452000,1437138452000,30,178,157,100,76,'http://ddragon.leagueoflegends.com/cdn/5.2.1/img/champion/Nidalee.png'),
	(24229628,'173',NULL,'http://ddragon.leagueoflegends.com/cdn/5.13.1/img/profileicon/508.png',1437079904000,1436960181000,30,144,102,200,236,'http://ddragon.leagueoflegends.com/cdn/5.2.1/img/champion/Lucian.png'),
	(25747089,'Goshuujinn',NULL,'http://ddragon.leagueoflegends.com/cdn/5.13.1/img/profileicon/19.png',1437135863000,1437135863000,30,808,757,200,222,'http://ddragon.leagueoflegends.com/cdn/5.2.1/img/champion/Jinx.png'),
	(26458572,'Architectoid',NULL,'http://ddragon.leagueoflegends.com/cdn/5.13.1/img/profileicon/767.png',1437138894000,1437138894000,30,516,482,200,12,'http://ddragon.leagueoflegends.com/cdn/5.2.1/img/champion/Alistar.png'),
	(27341898,'Agurin',NULL,'http://ddragon.leagueoflegends.com/cdn/5.13.1/img/profileicon/586.png',1437139277000,1437139277000,30,351,310,200,79,'http://ddragon.leagueoflegends.com/cdn/5.2.1/img/champion/Gragas.png'),
	(27935574,'Rielsmoet',NULL,'http://ddragon.leagueoflegends.com/cdn/5.13.1/img/profileicon/532.png',1437138905000,1437138905000,30,295,259,100,1,'http://ddragon.leagueoflegends.com/cdn/5.2.1/img/champion/Annie.png'),
	(28268804,'OP Shaco is back',NULL,'http://ddragon.leagueoflegends.com/cdn/5.13.1/img/profileicon/18.png',1437138195000,1437138195000,30,553,509,100,86,'http://ddragon.leagueoflegends.com/cdn/5.2.1/img/champion/Garen.png'),
	(29244786,'Scentc',NULL,'http://ddragon.leagueoflegends.com/cdn/5.13.1/img/profileicon/663.png',1436997618000,1436997618000,30,629,513,100,121,'http://ddragon.leagueoflegends.com/cdn/5.2.1/img/champion/Khazix.png'),
	(29879562,'wxz2012',NULL,'http://ddragon.leagueoflegends.com/cdn/5.13.1/img/profileicon/15.png',1437139199000,1437139199000,30,247,196,100,2,'http://ddragon.leagueoflegends.com/cdn/5.2.1/img/champion/Olaf.png'),
	(30590096,'Flaiyper',NULL,'http://ddragon.leagueoflegends.com/cdn/5.13.1/img/profileicon/744.png',1437136408000,1437136408000,30,350,320,200,223,'http://ddragon.leagueoflegends.com/cdn/5.2.1/img/champion/TahmKench.png'),
	(30856935,'Stagor',NULL,'http://ddragon.leagueoflegends.com/cdn/5.13.1/img/profileicon/7.png',1437137034000,1437137034000,30,620,518,200,150,'http://ddragon.leagueoflegends.com/cdn/5.2.1/img/champion/Gnar.png'),
	(31281749,'SKT T1 Reacver',NULL,'http://ddragon.leagueoflegends.com/cdn/5.13.1/img/profileicon/588.png',1437138865000,1437138865000,30,930,911,200,81,'http://ddragon.leagueoflegends.com/cdn/5.2.1/img/champion/Ezreal.png'),
	(33696860,'Hntyilij2',NULL,'http://ddragon.leagueoflegends.com/cdn/5.13.1/img/profileicon/569.png',1437138659000,1437138659000,30,565,549,200,412,'http://ddragon.leagueoflegends.com/cdn/5.2.1/img/champion/Thresh.png'),
	(34541249,'Coffe',NULL,'http://ddragon.leagueoflegends.com/cdn/5.13.1/img/profileicon/869.png',1437138865000,1437138865000,30,167,117,200,59,'http://ddragon.leagueoflegends.com/cdn/5.2.1/img/champion/JarvanIV.png'),
	(39389620,'NotThat',NULL,'http://ddragon.leagueoflegends.com/cdn/5.13.1/img/profileicon/22.png',1437137922000,1437137922000,30,330,296,100,16,'http://ddragon.leagueoflegends.com/cdn/5.2.1/img/champion/Soraka.png'),
	(39494847,'Faysalle II',NULL,'http://ddragon.leagueoflegends.com/cdn/5.13.1/img/profileicon/685.png',1437068229000,1436987002000,30,322,273,100,35,'http://ddragon.leagueoflegends.com/cdn/5.2.1/img/champion/Shaco.png'),
	(39998452,'Axel v2',NULL,'http://ddragon.leagueoflegends.com/cdn/5.13.1/img/profileicon/22.png',1437139207000,1437139207000,30,183,126,100,40,'http://ddragon.leagueoflegends.com/cdn/5.2.1/img/champion/Janna.png'),
	(40861959,'LackOfSurprise',NULL,'http://ddragon.leagueoflegends.com/cdn/5.13.1/img/profileicon/663.png',1436971019000,1436971019000,30,120,85,100,92,'http://ddragon.leagueoflegends.com/cdn/5.2.1/img/champion/Riven.png'),
	(40956931,'MLG Glebo HLTV',NULL,'http://ddragon.leagueoflegends.com/cdn/5.13.1/img/profileicon/566.png',1437138452000,1437138452000,30,435,381,100,98,'http://ddragon.leagueoflegends.com/cdn/5.2.1/img/champion/Shen.png'),
	(41518574,'CJ c0co',NULL,'http://ddragon.leagueoflegends.com/cdn/5.13.1/img/profileicon/872.png',1437139199000,1437139199000,30,333,242,200,104,'http://ddragon.leagueoflegends.com/cdn/5.2.1/img/champion/Graves.png'),
	(41532979,'destro v1',NULL,'http://ddragon.leagueoflegends.com/cdn/5.13.1/img/profileicon/22.png',1437138894000,1437138894000,30,391,325,100,104,'http://ddragon.leagueoflegends.com/cdn/5.2.1/img/champion/Graves.png'),
	(42025133,'Vayne Hellsing',NULL,'http://ddragon.leagueoflegends.com/cdn/5.13.1/img/profileicon/563.png',1437138873000,1437138873000,30,428,423,200,120,'http://ddragon.leagueoflegends.com/cdn/5.2.1/img/champion/Hecarim.png'),
	(43210650,'Suldaris',NULL,'http://ddragon.leagueoflegends.com/cdn/5.13.1/img/profileicon/593.png',1437138447000,1437138447000,30,264,197,100,238,'http://ddragon.leagueoflegends.com/cdn/5.2.1/img/champion/Zed.png'),
	(45969859,'llliiLTillI',NULL,'http://ddragon.leagueoflegends.com/cdn/5.13.1/img/profileicon/582.png',1437089874000,1436895079000,30,574,509,100,4,'http://ddragon.leagueoflegends.com/cdn/5.2.1/img/champion/TwistedFate.png'),
	(54367179,'aVe bucu',NULL,'http://ddragon.leagueoflegends.com/cdn/5.13.1/img/profileicon/586.png',1437138894000,1437138894000,30,542,495,200,76,'http://ddragon.leagueoflegends.com/cdn/5.2.1/img/champion/Nidalee.png'),
	(54767944,'mJHp',NULL,'http://ddragon.leagueoflegends.com/cdn/5.13.1/img/profileicon/844.png',1437138447000,1437138447000,30,378,313,100,104,'http://ddragon.leagueoflegends.com/cdn/5.2.1/img/champion/Graves.png'),
	(70037418,'4DGroove',NULL,'http://ddragon.leagueoflegends.com/cdn/5.13.1/img/profileicon/22.png',1437132875000,1437132875000,30,155,116,200,29,'http://ddragon.leagueoflegends.com/cdn/5.2.1/img/champion/Twitch.png'),
	(70577667,'Kill Strelok',NULL,'http://ddragon.leagueoflegends.com/cdn/5.13.1/img/profileicon/588.png',1437138452000,1437138452000,30,233,201,100,121,'http://ddragon.leagueoflegends.com/cdn/5.2.1/img/champion/Khazix.png'),
	(71709078,'215121823',NULL,'http://ddragon.leagueoflegends.com/cdn/5.13.1/img/profileicon/8.png',1437138905000,1437138905000,30,162,97,100,18,'http://ddragon.leagueoflegends.com/cdn/5.2.1/img/champion/Tristana.png'),
	(72517674,'Martenika',NULL,'http://ddragon.leagueoflegends.com/cdn/5.13.1/img/profileicon/7.png',1437138090000,1437138090000,30,262,197,100,4,'http://ddragon.leagueoflegends.com/cdn/5.2.1/img/champion/TwistedFate.png');

/*!40000 ALTER TABLE `summoners` ENABLE KEYS */;
UNLOCK TABLES;



/*!40111 SET SQL_NOTES=@OLD_SQL_NOTES */;
/*!40101 SET SQL_MODE=@OLD_SQL_MODE */;
/*!40014 SET FOREIGN_KEY_CHECKS=@OLD_FOREIGN_KEY_CHECKS */;
/*!40101 SET CHARACTER_SET_CLIENT=@OLD_CHARACTER_SET_CLIENT */;
/*!40101 SET CHARACTER_SET_RESULTS=@OLD_CHARACTER_SET_RESULTS */;
/*!40101 SET COLLATION_CONNECTION=@OLD_COLLATION_CONNECTION */;
